"rgn_id","specie","status"
1,"Charadrius collaris","NT"
1,"Charadrius modestus","LC"
1,"Charadrius nivosus","VU"
1,"Chroicocephalus serranus","LC"
1,"Coscoroba coscoroba","LC"
1,"Cygnus melancoryphus","LC"
1,"Delphinus delphis","LC"
1,"Diomedea epomophora","VU"
1,"Epigonus crassicaudus","CR"
1,"Falco peregrinus","LC"
1,"Geranoaetus melanoleucus","LC"
1,"Haematopus palliatus","NT"
1,"Heterocarpus reedi","VU"
1,"Heteronetta atricapilla","LC"
1,"Ixobrychus involucris","LC"
1,"Larosterna inca","NT"
1,"Leucocarbo bougainvillii","NT"
1,"Leucophaeus modestus","VU"
1,"Leucophaeus pipixcan","LC"
1,"Lontra felina","EN"
1,"Macronectes giganteus","VU"
1,"Mesodesma donacium","EN"
1,"Mytilus chilensis","NT"
1,"Numenius phaeopus","LC"
1,"Otaria byronia","LC"
1,"Pandion haliaetus","LC"
1,"Pelecanoides garnotii","EN"
1,"Pelecanus thagus","NT"
1,"Phalacrocorax gaimardi","NT"
1,"Phoenicopterus chilensis","NT"
1,"Plegadis chihi","NT"
1,"Puffinus creatopus","EN"
1,"Puffinus griseus","NT"
1,"Spheniscus humboldti","VU"
1,"Sula variegata","LC"
1,"Thalassarche bulleri","NT"
1,"Thalassarche melanophris","LC"
1,"Thalassarche salvini","VU"
1,"Thalasseus elegans","NT"
1,"Tringa flavipes","LC"
2,"Ameghinomya antiqua","NT"
2,"Aulacomya atra","LC"
2,"Charadrius collaris","NT"
2,"Charadrius modestus","LC"
2,"Charadrius nivosus","VU"
2,"Chloephaga hybrida","VU"
2,"Coscoroba coscoroba","LC"
2,"Concholepas concholepas","EN"
2,"Cygnus melancoryphus","LC"
2,"Diomedea epomophora","VU"
2,"Diomedea exulans","VU"
2,"Ensis macha","VU"
2,"Enteroctopus megalocyathus","LC"
2,"Eubalaena australis","EN"
2,"Falco peregrinus","LC"
2,"Geranoaetus melanoleucus","LC"
2,"Haematopus palliatus","NT"
2,"Heteronetta atricapilla","LC"
2,"Ixobrychus involucris","LC"
2,"Lagenorhynchus australis","LC"
2,"Lagenorhynchus obscurus","LC"
2,"Leucocarbo bougainvillii","NT"
2,"Leucophaeus modestus","VU"
2,"Leucophaeus pipixcan","LC"
2,"Lontra felina","EN"
2,"Loxechinus albus","VU"
2,"Macronectes giganteus","VU"
2,"Mulinia edulis","VU"
2,"Mytilus chilensis","NT"
2,"Numenius phaeopus","LC"
2,"Ostrea chilensis","LC"
2,"Otaria byronia","LC"
2,"Pelecanus thagus","NT"
2,"Phalacrocorax gaimardi","NT"
2,"Phoenicopterus chilensis","NT"
2,"Plegadis chihi","NT"
2,"Puffinus creatopus","EN"
2,"Puffinus griseus","NT"
2,"Sarcopeltis skottsbergii","VU"
2,"Speculanas specularis","NT"
2,"Spheniscus humboldti","VU"
2,"Sula variegata","LC"
2,"Tachyeres patachonicus","LC"
2,"Tachyeres pteneres","NT"
2,"Tagelus dombeii","EN"
2,"Thalassarche melanophris","LC"
2,"Thalasseus elegans","NT"
2,"Tringa flavipes","LC"
2,"Zearaja chilensis","EN"
3,"Argopecten purpuratus","LC"
3,"Aulacomya atra","LC"
3,"Charadrius modestus","LC"
3,"Charadrius nivosus","VU"
3,"Chroicocephalus serranus","LC"
3,"Engraulis ringens","VU"
3,"Falco peregrinus","LC"
3,"Genypterus blacodes","EN"
3,"Geranoaetus melanoleucus","LC"
3,"Haematopus palliatus","NT"
3,"Larosterna inca","NT"
3,"Lepidochelys olivacea","VU"
3,"Leucocarbo bougainvillii","NT"
3,"Leucophaeus modestus","VU"
3,"Leucophaeus pipixcan","LC"
3,"Lontra felina","EN"
3,"Loxechinus albus","VU"
3,"Macronectes giganteus","VU"
3,"Macruronus magellanicus","CR"
3,"Megaptera novaeangliae","VU"
3,"Mytilus chilensis","NT"
3,"Numenius phaeopus","LC"
3,"Oceanodroma markhami","EN"
3,"Otaria byronia","LC"
3,"Pandion haliaetus","LC"
3,"Pelecanoides garnotii","EN"
3,"Pelecanus thagus","NT"
3,"Phalacrocorax gaimardi","NT"
3,"Phoenicopterus chilensis","NT"
3,"Pterodroma defilippiana","VU"
3,"Puffinus creatopus","EN"
3,"Puffinus griseus","NT"
3,"Spheniscus humboldti","VU"
3,"Sternula lorata","EN"
3,"Sula variegata","LC"
3,"Tagelus dombeii","EN"
3,"Thalassarche bulleri","NT"
3,"Thalassarche melanophris","LC"
3,"Thalassarche salvini","VU"
3,"Thalasseus elegans","NT"
3,"Tringa flavipes","LC"
4,"Charadrius collaris","NT"
4,"Charadrius modestus","LC"
4,"Chloephaga hybrida","VU"
4,"Coscoroba coscoroba","LC"
4,"Cygnus melancoryphus","LC"
4,"Diomedea epomophora","VU"
4,"Diomedea exulans","VU"
4,"Ensis macha","VU"
4,"Falco peregrinus","LC"
4,"Geranoaetus melanoleucus","LC"
4,"Haematopus palliatus","NT"
4,"Heteronetta atricapilla","LC"
4,"Ixobrychus involucris","LC"
4,"Larosterna inca","NT"
4,"Laterallus jamaicensis","NT"
4,"Leucocarbo bougainvillii","NT"
4,"Leucophaeus modestus","VU"
4,"Leucophaeus pipixcan","LC"
4,"Macronectes giganteus","VU"
4,"Mulinia edulis","VU"
4,"Mytilus chilensis","NT"
4,"Numenius phaeopus","LC"
4,"Pelecanus thagus","NT"
4,"Phalacrocorax gaimardi","NT"
4,"Phoenicopterus chilensis","NT"
4,"Plegadis chihi","NT"
4,"Pterodroma longirostris","EN"
4,"Puffinus creatopus","EN"
4,"Puffinus griseus","NT"
4,"Sula variegata","LC"
4,"Thalassarche bulleri","NT"
4,"Thalassarche melanophris","LC"
4,"Thalassarche salvini","VU"
4,"Thalasseus elegans","NT"
4,"Tringa flavipes","LC"
5,"Brama australis","EN"
5,"Charadrius collaris","NT"
5,"Charadrius modestus","LC"
5,"Charadrius nivosus","VU"
5,"Chelonia mydas","EN"
5,"Chroicocephalus serranus","LC"
5,"Cryphiops caementarius","VU"
5,"Delphinus delphis","LC"
5,"Falco peregrinus","LC"
5,"Geranoaetus melanoleucus","LC"
5,"Grampus griseus","VU"
5,"Grimothea monodon","VU"
5,"Haematopus palliatus","NT"
5,"Lagenorhynchus obscurus","LC"
5,"Larosterna inca","NT"
5,"Laterallus jamaicensis","NT"
5,"Leucocarbo bougainvillii","NT"
5,"Leucophaeus modestus","VU"
5,"Leucophaeus pipixcan","LC"
5,"Lontra felina","EN"
5,"Loxechinus albus","VU"
5,"Macronectes giganteus","VU"
5,"Mytilus chilensis","NT"
5,"Numenius phaeopus","LC"
5,"Oceanodroma markhami","EN"
5,"Oceanodroma tethys","VU"
5,"Otaria byronia","LC"
5,"Pandion haliaetus","LC"
5,"Pelecanoides garnotii","EN"
5,"Pelecanus thagus","NT"
5,"Phalacrocorax gaimardi","NT"
5,"Phoebastria irrorata","CR"
5,"Phoenicoparrus jamesi","VU"
5,"Phoenicopterus chilensis","NT"
5,"Plegadis ridgwayi","NT"
5,"Puffinus creatopus","EN"
5,"Puffinus griseus","NT"
5,"Recurvirostra andina","VU"
5,"Spheniscus humboldti","VU"
5,"Sternula lorata","EN"
5,"Sula variegata","LC"
5,"Thalassarche bulleri","NT"
5,"Thalassarche melanophris","LC"
5,"Thalassarche salvini","VU"
5,"Thalasseus elegans","NT"
5,"Tringa flavipes","LC"
5,"Tursiops truncatus","LC"
6,"Ameghinomya antiqua","NT"
6,"Aulacomya atra","LC"
6,"Charadrius modestus","LC"
6,"Chloephaga hybrida","VU"
6,"Coscoroba coscoroba","LC"
6,"Cygnus melancoryphus","LC"
6,"Diomedea epomophora","VU"
6,"Diomedea exulans","VU"
6,"Durvillaea antarctica","LC"
6,"Eleginops maclovinus","LC"
6,"Eubalaena australis","EN"
6,"Falco peregrinus","LC"
6,"Genypterus blacodes","EN"
6,"Geranoaetus melanoleucus","LC"
6,"Haematopus palliatus","NT"
6,"Lagenorhynchus australis","LC"
6,"Lagenorhynchus obscurus","LC"
6,"Leptonychotes weddellii","LC"
6,"Leucophaeus pipixcan","LC"
6,"Lontra provocax","EN"
6,"Macronectes giganteus","VU"
6,"Megaptera novaeangliae","VU"
6,"Merluccius australis","EN"
6,"Mulinia edulis","VU"
6,"Mytilus chilensis","NT"
6,"Numenius phaeopus","LC"
6,"Orcinus orca","LC"
6,"Otaria byronia","LC"
6,"Pelecanus thagus","NT"
6,"Phalacrocorax gaimardi","NT"
6,"Primnoella chilensis","EN"
6,"Pterodroma longirostris","EN"
6,"Puffinus creatopus","EN"
6,"Puffinus griseus","NT"
6,"Sarcopeltis skottsbergii","VU"
6,"Speculanas specularis","NT"
6,"Tachyeres patachonicus","LC"
6,"Tachyeres pteneres","NT"
6,"Tawera elliptica","EN"
6,"Thalassarche bulleri","NT"
6,"Thalassarche chrysostoma","VU"
6,"Thalassarche melanophris","LC"
6,"Thalassarche salvini","VU"
6,"Tursiops truncatus","LC"
6,"Vultur gryphus","NT"
7,"Ameghinomya antiqua","NT"
7,"Aulacomya atra","LC"
7,"Balaenoptera borealis","EN"
7,"Charadrius modestus","LC"
7,"Chloephaga hybrida","VU"
7,"Coscoroba coscoroba","LC"
7,"Cygnus melancoryphus","LC"
7,"Diomedea epomophora","VU"
7,"Diomedea exulans","VU"
7,"Dissostichus eleginoides","EN"
7,"Durvillaea antarctica","LC"
7,"Eleginops maclovinus","LC"
7,"Ensis macha","VU"
7,"Enteroctopus megalocyathus","LC"
7,"Eubalaena australis","EN"
7,"Falco peregrinus","LC"
7,"Geranoaetus melanoleucus","LC"
7,"Haematopus palliatus","NT"
7,"Hydrurga leptonyx","LC"
7,"Lagenorhynchus australis","LC"
7,"Lagenorhynchus cruciger","LC"
7,"Lagenorhynchus obscurus","LC"
7,"Leptonychotes weddellii","LC"
7,"Leucophaeus pipixcan","LC"
7,"Lobodon carcinophaga","LC"
7,"Loxechinus albus","VU"
7,"Macronectes giganteus","VU"
7,"Megaptera novaeangliae","VU"
7,"Merluccius australis","EN"
7,"Mirounga leonina","LC"
7,"Mulinia edulis","VU"
7,"Mytilus chilensis","NT"
7,"Numenius phaeopus","LC"
7,"Otaria byronia","LC"
7,"Phoebetria palpebrata","VU"
7,"Phoenicopterus chilensis","NT"
7,"Primnoella chilensis","EN"
7,"Puffinus creatopus","EN"
7,"Puffinus griseus","NT"
7,"Speculanas specularis","NT"
7,"Tachyeres patachonicus","LC"
7,"Tachyeres pteneres","NT"
7,"Tawera elliptica","EN"
7,"Thalassarche cauta","NT"
7,"Thalassarche chrysostoma","VU"
7,"Thalassarche melanophris","LC"
7,"Tringa flavipes","LC"
7,"Vultur gryphus","NT"
8,"Ameghinomya antiqua","NT"
8,"Aulacomya atra","LC"
8,"Charadrius collaris","NT"
8,"Charadrius modestus","LC"
8,"Chloephaga hybrida","VU"
8,"Coscoroba coscoroba","LC"
8,"Cygnus melancoryphus","LC"
8,"Desmophyllum dianthus","NT"
8,"Diomedea exulans","VU"
8,"Ensis macha","VU"
8,"Falco peregrinus","LC"
8,"Genypterus blacodes","EN"
8,"Concholepas concholepas","EN"
8,"Haematopus palliatus","NT"
8,"Heterocarpus reedi","VU"
8,"Lagenorhynchus australis","LC"
8,"Lagenorhynchus obscurus","LC"
8,"Leucocarbo bougainvillii","NT"
8,"Leucophaeus modestus","VU"
8,"Leucophaeus pipixcan","LC"
8,"Macronectes giganteus","VU"
8,"Mulinia edulis","VU"
8,"Mytilus chilensis","NT"
8,"Numenius phaeopus","LC"
8,"Ostrea chilensis","LC"
8,"Pelecanus thagus","NT"
8,"Phalacrocorax gaimardi","NT"
8,"Phoenicopterus chilensis","NT"
8,"Puffinus creatopus","EN"
8,"Puffinus griseus","NT"
8,"Spheniscus humboldti","VU"
8,"Sula variegata","LC"
8,"Tachyeres patachonicus","LC"
8,"Tachyeres pteneres","NT"
8,"Tagelus dombeii","EN"
8,"Tawera elliptica","EN"
8,"Thalassarche melanophris","LC"
8,"Thalasseus elegans","NT"
8,"Tringa flavipes","LC"
9,"Argopecten purpuratus","LC"
9,"Aulacomya atra","LC"
9,"Charadrius collaris","NT"
9,"Charadrius modestus","LC"
9,"Charadrius nivosus","VU"
9,"Chelonia mydas","EN"
9,"Chroicocephalus serranus","LC"
9,"Concholepas concholepas","EN"
9,"Coscoroba coscoroba","LC"
9,"Falco peregrinus","LC"
9,"Haematopus palliatus","NT"
9,"Larosterna inca","NT"
9,"Leucocarbo bougainvillii","NT"
9,"Leucophaeus modestus","VU"
9,"Leucophaeus pipixcan","LC"
9,"Mirounga leonina","LC"
9,"Numenius phaeopus","LC"
9,"Otaria byronia","LC"
9,"Pandion haliaetus","LC"
9,"Pelecanoides garnotii","EN"
9,"Pelecanus thagus","NT"
9,"Phalacrocorax gaimardi","NT"
9,"Phoenicopterus chilensis","NT"
9,"Recurvirostra andina","VU"
9,"Spheniscus humboldti","VU"
9,"Sula variegata","LC"
9,"Thalasseus elegans","NT"
9,"Tringa flavipes","LC"
10,"Chroicocephalus serranus","LC"
10,"Cryphiops caementarius","VU"
10,"Falco peregrinus","LC"
10,"Geranoaetus melanoleucus","LC"
10,"Haematopus palliatus","NT"
10,"Larosterna inca","NT"
10,"Leucocarbo bougainvillii","NT"
10,"Leucophaeus modestus","VU"
10,"Leucophaeus pipixcan","LC"
10,"Macronectes giganteus","VU"
10,"Numenius phaeopus","LC"
10,"Pelecanus thagus","NT"
10,"Phalacrocorax gaimardi","NT"
10,"Phoenicopterus chilensis","NT"
10,"Puffinus griseus","NT"
10,"Spheniscus humboldti","VU"
10,"Sula variegata","LC"
10,"Thalasseus elegans","NT"
10,"Tringa flavipes","LC"
11,"Argopecten purpuratus","LC"
11,"Charadrius collaris","NT"
11,"Charadrius modestus","LC"
11,"Charadrius nivosus","VU"
11,"Chroicocephalus serranus","LC"
11,"Coscoroba coscoroba","LC"
11,"Cygnus melancoryphus","LC"
11,"Falco peregrinus","LC"
11,"Geranoaetus melanoleucus","LC"
11,"Haematopus palliatus","NT"
11,"Heteronetta atricapilla","LC"
11,"Laterallus jamaicensis","NT"
11,"Leucocarbo bougainvillii","NT"
11,"Leucophaeus modestus","VU"
11,"Leucophaeus pipixcan","LC"
11,"Macronectes giganteus","VU"
11,"Numenius phaeopus","LC"
11,"Pelecanus thagus","NT"
11,"Phalacrocorax gaimardi","NT"
11,"Plegadis chihi","NT"
11,"Puffinus griseus","NT"
11,"Sula variegata","LC"
11,"Thalassarche melanophris","LC"
11,"Thalasseus elegans","NT"
11,"Tringa flavipes","LC"
11,"Vultur gryphus","NT"
12,"Coscoroba coscoroba","LC"
12,"Cygnus melancoryphus","LC"
12,"Leucocarbo bougainvillii","NT"
12,"Leucophaeus pipixcan","LC"
12,"Phoenicopterus chilensis","NT"
13,"Charadrius collaris","NT"
13,"Charadrius modestus","LC"
13,"Charadrius nivosus","VU"
13,"Coscoroba coscoroba","LC"
13,"Cygnus melancoryphus","LC"
13,"Diomedea epomophora","VU"
13,"Diomedea exulans","VU"
13,"Falco peregrinus","LC"
13,"Haematopus palliatus","NT"
13,"Leucocarbo bougainvillii","NT"
13,"Leucophaeus pipixcan","LC"
13,"Numenius phaeopus","LC"
13,"Otaria byronia","LC"
13,"Pelecanus thagus","NT"
13,"Phalacrocorax gaimardi","NT"
13,"Plegadis chihi","NT"
13,"Puffinus creatopus","EN"
13,"Puffinus griseus","NT"
13,"Spheniscus humboldti","VU"
13,"Sula variegata","LC"
13,"Thalassarche chrysostoma","VU"
13,"Thalasseus elegans","NT"
13,"Tringa flavipes","LC"
14,"Charadrius collaris","NT"
14,"Charadrius modestus","LC"
14,"Charadrius nivosus","VU"
14,"Chroicocephalus serranus","LC"
14,"Coscoroba coscoroba","LC"
14,"Cygnus melancoryphus","LC"
14,"Delphinus delphis","LC"
14,"Falco peregrinus","LC"
14,"Haematopus palliatus","NT"
14,"Heteronetta atricapilla","LC"
14,"Ixobrychus involucris","LC"
14,"Larosterna inca","NT"
14,"Leucocarbo bougainvillii","NT"
14,"Leucophaeus modestus","VU"
14,"Leucophaeus pipixcan","LC"
14,"Lontra felina","EN"
14,"Mytilus chilensis","NT"
14,"Numenius phaeopus","LC"
14,"Pandion haliaetus","LC"
14,"Pelecanus thagus","NT"
14,"Phalacrocorax gaimardi","NT"
14,"Phoenicopterus chilensis","NT"
14,"Plegadis chihi","NT"
14,"Puffinus griseus","NT"
14,"Spheniscus humboldti","VU"
14,"Sula variegata","LC"
14,"Thalassarche melanophris","LC"
14,"Thalasseus elegans","NT"
14,"Tringa flavipes","LC"
15,"Charadrius collaris","NT"
15,"Charadrius nivosus","VU"
15,"Coscoroba coscoroba","LC"
15,"Diomedea epomophora","VU"
15,"Falco peregrinus","LC"
15,"Geranoaetus melanoleucus","LC"
15,"Grimothea johni","VU"
15,"Haematopus palliatus","NT"
15,"Heterocarpus reedi","VU"
15,"Larosterna inca","NT"
15,"Leucocarbo bougainvillii","NT"
15,"Leucophaeus modestus","VU"
15,"Leucophaeus pipixcan","LC"
15,"Lontra felina","EN"
15,"Macronectes giganteus","VU"
15,"Numenius phaeopus","LC"
15,"Pelecanoides garnotii","EN"
15,"Pelecanus thagus","NT"
15,"Phalacrocorax gaimardi","NT"
15,"Puffinus creatopus","EN"
15,"Puffinus griseus","NT"
15,"Spheniscus humboldti","VU"
15,"Sula variegata","LC"
15,"Thalassarche melanophris","LC"
16,"Charadrius modestus","LC"
16,"Chloephaga hybrida","VU"
16,"Coscoroba coscoroba","LC"
16,"Concholepas concholepas","EN"
16,"Cygnus melancoryphus","LC"
16,"Diomedea epomophora","VU"
16,"Eleginops maclovinus","LC"
16,"Falco peregrinus","LC"
16,"Geranoaetus melanoleucus","LC"
16,"Grampus griseus","VU"
16,"Haematopus palliatus","NT"
16,"Leucophaeus modestus","VU"
16,"Leucophaeus pipixcan","LC"
16,"Macronectes giganteus","VU"
16,"Numenius phaeopus","LC"
16,"Otaria byronia","LC"
16,"Pandion haliaetus","LC"
16,"Pelecanus thagus","NT"
16,"Phalacrocorax gaimardi","NT"
16,"Phoenicopterus chilensis","NT"
16,"Plegadis chihi","NT"
16,"Puffinus creatopus","EN"
16,"Puffinus griseus","NT"
16,"Speculanas specularis","NT"
16,"Spheniscus humboldti","VU"
16,"Sula variegata","LC"
16,"Tachyeres patachonicus","LC"
16,"Tachyeres pteneres","NT"
16,"Thalassarche melanophris","LC"
16,"Thalasseus elegans","NT"
16,"Tringa flavipes","LC"
17,"Aulacomya atra","LC"
17,"Charadrius collaris","NT"
17,"Charadrius modestus","LC"
17,"Chloephaga hybrida","VU"
17,"Coscoroba coscoroba","LC"
17,"Cygnus melancoryphus","LC"
17,"Desmophyllum dianthus","NT"
17,"Diomedea epomophora","VU"
17,"Eleginops maclovinus","LC"
17,"Ensis macha","VU"
17,"Falco peregrinus","LC"
17,"Genypterus blacodes","EN"
17,"Geranoaetus melanoleucus","LC"
17,"Haematopus palliatus","NT"
17,"Lagenorhynchus australis","LC"
17,"Leucophaeus pipixcan","LC"
17,"Macronectes giganteus","VU"
17,"Merluccius australis","EN"
17,"Mytilus chilensis","NT"
17,"Numenius phaeopus","LC"
17,"Otaria byronia","LC"
17,"Pelecanus thagus","NT"
17,"Phalacrocorax gaimardi","NT"
17,"Phoenicopterus chilensis","NT"
17,"Puffinus creatopus","EN"
17,"Puffinus griseus","NT"
17,"Spheniscus humboldti","VU"
17,"Sula variegata","LC"
17,"Tachyeres patachonicus","LC"
17,"Tachyeres pteneres","NT"
17,"Tagelus dombeii","EN"
17,"Thalassarche melanophris","LC"
17,"Tringa flavipes","LC"
17,"Vultur gryphus","NT"
18,"Charadrius nivosus","VU"
18,"Coscoroba coscoroba","LC"
18,"Cryphiops caementarius","VU"
18,"Delphinus delphis","LC"
18,"Falco peregrinus","LC"
18,"Haematopus palliatus","NT"
18,"Larosterna inca","NT"
18,"Leucocarbo bougainvillii","NT"
18,"Leucophaeus modestus","VU"
18,"Leucophaeus pipixcan","LC"
18,"Lontra felina","EN"
18,"Macronectes giganteus","VU"
18,"Mirounga leonina","LC"
18,"Mugil cephalus","LC"
18,"Numenius phaeopus","LC"
18,"Otaria byronia","LC"
18,"Pandion haliaetus","LC"
18,"Pelecanoides garnotii","EN"
18,"Pelecanus thagus","NT"
18,"Phaethon rubricauda","VU"
18,"Phalacrocorax gaimardi","NT"
18,"Phoenicopterus chilensis","NT"
18,"Puffinus griseus","NT"
18,"Spheniscus humboldti","VU"
18,"Sula variegata","LC"
18,"Thalassarche chrysostoma","VU"
18,"Thalasseus elegans","NT"
19,"Charadrius collaris","NT"
19,"Charadrius modestus","LC"
19,"Coscoroba coscoroba","LC"
19,"Cygnus melancoryphus","LC"
19,"Falco peregrinus","LC"
19,"Haematopus palliatus","NT"
19,"Larosterna inca","NT"
19,"Leucocarbo bougainvillii","NT"
19,"Leucophaeus modestus","VU"
19,"Leucophaeus pipixcan","LC"
19,"Macronectes giganteus","VU"
19,"Numenius phaeopus","LC"
19,"Pelecanoides garnotii","EN"
19,"Pelecanus thagus","NT"
19,"Phalacrocorax gaimardi","NT"
19,"Phoenicopterus chilensis","NT"
19,"Plegadis chihi","NT"
19,"Puffinus creatopus","EN"
19,"Puffinus griseus","NT"
19,"Spheniscus humboldti","VU"
19,"Sula variegata","LC"
19,"Thalassarche melanophris","LC"
19,"Thalasseus elegans","NT"
19,"Tringa flavipes","LC"
20,"Charadrius modestus","LC"
20,"Charadrius nivosus","VU"
20,"Chloephaga hybrida","VU"
20,"Coscoroba coscoroba","LC"
20,"Concholepas concholepas","EN"
20,"Cygnus melancoryphus","LC"
20,"Diomedea exulans","VU"
20,"Durvillaea antarctica","LC"
20,"Eleginops maclovinus","LC"
20,"Ensis macha","VU"
20,"Falco peregrinus","LC"
20,"Geranoaetus melanoleucus","LC"
20,"Haematopus palliatus","NT"
20,"Heteronetta atricapilla","LC"
20,"Ixobrychus involucris","LC"
20,"Leucophaeus modestus","VU"
20,"Leucophaeus pipixcan","LC"
20,"Macronectes giganteus","VU"
20,"Mesodesma donacium","EN"
20,"Mytilus chilensis","NT"
20,"Numenius phaeopus","LC"
20,"Pelecanus thagus","NT"
20,"Phalacrocorax gaimardi","NT"
20,"Phoenicopterus chilensis","NT"
20,"Plegadis chihi","NT"
20,"Puffinus creatopus","EN"
20,"Puffinus griseus","NT"
20,"Speculanas specularis","NT"
20,"Spheniscus humboldti","VU"
20,"Sula variegata","LC"
20,"Tachyeres pteneres","NT"
20,"Thalassarche melanophris","LC"
20,"Thalassarche salvini","VU"
20,"Tringa flavipes","LC"
20,"Zearaja chilensis","EN"
21,"Ameghinomya antiqua","NT"
21,"Aulacomya atra","LC"
21,"Chloephaga hybrida","VU"
21,"Coscoroba coscoroba","LC"
21,"Cygnus melancoryphus","LC"
21,"Desmophyllum dianthus","NT"
21,"Diomedea epomophora","VU"
21,"Diomedea exulans","VU"
21,"Durvillaea antarctica","LC"
21,"Enteroctopus megalocyathus","LC"
21,"Eubalaena australis","EN"
21,"Geranoaetus melanoleucus","LC"
21,"Haematopus palliatus","NT"
21,"Lagenorhynchus australis","LC"
21,"Lagenorhynchus obscurus","LC"
21,"Larosterna inca","NT"
21,"Leucophaeus pipixcan","LC"
21,"Lontra felina","EN"
21,"Lontra provocax","EN"
21,"Macronectes giganteus","VU"
21,"Megaptera novaeangliae","VU"
21,"Mirounga leonina","LC"
21,"Mulinia edulis","VU"
21,"Mytilus chilensis","NT"
21,"Numenius phaeopus","LC"
21,"Orcinus orca","LC"
21,"Ostrea chilensis","LC"
21,"Otaria byronia","LC"
21,"Pelecanus thagus","NT"
21,"Phalacrocorax gaimardi","NT"
21,"Phoenicopterus chilensis","NT"
21,"Puffinus creatopus","EN"
21,"Puffinus griseus","NT"
21,"Sarcopeltis skottsbergii","VU"
21,"Tachyeres patachonicus","LC"
21,"Tachyeres pteneres","NT"
21,"Tagelus dombeii","EN"
21,"Tawera elliptica","EN"
21,"Thalassarche melanophris","LC"
21,"Tursiops truncatus","LC"
21,"Vultur gryphus","NT"
22,"Charadrius collaris","NT"
22,"Charadrius modestus","LC"
22,"Coscoroba coscoroba","LC"
22,"Cygnus melancoryphus","LC"
22,"Diomedea epomophora","VU"
22,"Falco peregrinus","LC"
22,"Haematopus palliatus","NT"
22,"Larosterna inca","NT"
22,"Leucocarbo bougainvillii","NT"
22,"Leucophaeus modestus","VU"
22,"Leucophaeus pipixcan","LC"
22,"Macronectes giganteus","VU"
22,"Numenius phaeopus","LC"
22,"Otaria byronia","LC"
22,"Pelecanus thagus","NT"
22,"Phalacrocorax gaimardi","NT"
22,"Puffinus creatopus","EN"
22,"Puffinus griseus","NT"
22,"Sula variegata","LC"
22,"Thalassarche salvini","VU"
22,"Thalasseus elegans","NT"
23,"Aulacomya atra","LC"
23,"Cygnus melancoryphus","LC"
23,"Haematopus palliatus","NT"
23,"Heterocarpus reedi","VU"
23,"Leucophaeus modestus","VU"
23,"Leucophaeus pipixcan","LC"
23,"Mytilus chilensis","NT"
23,"Numenius phaeopus","LC"
23,"Pelecanus thagus","NT"
23,"Phalacrocorax gaimardi","NT"
23,"Sula variegata","LC"
23,"Tachyeres patachonicus","LC"
23,"Thalassarche melanophris","LC"
24,"Charadrius collaris","NT"
24,"Coscoroba coscoroba","LC"
24,"Cygnus melancoryphus","LC"
24,"Haematopus palliatus","NT"
24,"Leucocarbo bougainvillii","NT"
24,"Leucophaeus modestus","VU"
24,"Leucophaeus pipixcan","LC"
24,"Numenius phaeopus","LC"
24,"Pelecanus thagus","NT"
24,"Phalacrocorax gaimardi","NT"
24,"Puffinus griseus","NT"
24,"Sula variegata","LC"
24,"Tringa flavipes","LC"
25,"Charadrius collaris","NT"
25,"Charadrius modestus","LC"
25,"Charadrius nivosus","VU"
25,"Chroicocephalus serranus","LC"
25,"Coscoroba coscoroba","LC"
25,"Cygnus melancoryphus","LC"
25,"Diomedea epomophora","VU"
25,"Diomedea exulans","VU"
25,"Dosidicus gigas","EN"
25,"Eleginops maclovinus","LC"
25,"Eubalaena australis","EN"
25,"Falco peregrinus","LC"
25,"Geranoaetus melanoleucus","LC"
25,"Haematopus palliatus","NT"
25,"Heteronetta atricapilla","LC"
25,"Ixobrychus involucris","LC"
25,"Larosterna inca","NT"
25,"Leucocarbo bougainvillii","NT"
25,"Leucophaeus modestus","VU"
25,"Leucophaeus pipixcan","LC"
25,"Macronectes giganteus","VU"
25,"Mytilus chilensis","NT"
25,"Numenius phaeopus","LC"
25,"Otaria byronia","LC"
25,"Pelecanoides garnotii","EN"
25,"Pelecanus thagus","NT"
25,"Phalacrocorax gaimardi","NT"
25,"Plegadis chihi","NT"
25,"Pterodroma defilippiana","VU"
25,"Puffinus creatopus","EN"
25,"Puffinus griseus","NT"
25,"Spheniscus humboldti","VU"
25,"Sula variegata","LC"
25,"Thalassarche bulleri","NT"
25,"Thalassarche eremita","VU"
25,"Thalassarche melanophris","LC"
25,"Thalassarche salvini","VU"
25,"Thalasseus elegans","NT"
25,"Tringa flavipes","LC"
26,"Charadrius collaris","NT"
26,"Charadrius modestus","LC"
26,"Charadrius nivosus","VU"
26,"Chroicocephalus serranus","LC"
26,"Coscoroba coscoroba","LC"
26,"Cygnus melancoryphus","LC"
26,"Diomedea epomophora","VU"
26,"Diomedea exulans","VU"
26,"Engraulis ringens","VU"
26,"Falco peregrinus","LC"
26,"Haematopus palliatus","NT"
26,"Heteronetta atricapilla","LC"
26,"Ixobrychus involucris","LC"
26,"Larosterna inca","NT"
26,"Laterallus jamaicensis","NT"
26,"Leucocarbo bougainvillii","NT"
26,"Leucophaeus modestus","VU"
26,"Leucophaeus pipixcan","LC"
26,"Macronectes giganteus","VU"
26,"Mytilus chilensis","NT"
26,"Numenius phaeopus","LC"
26,"Otaria byronia","LC"
26,"Pelecanoides garnotii","EN"
26,"Pelecanus thagus","NT"
26,"Phalacrocorax gaimardi","NT"
26,"Phoenicopterus chilensis","NT"
26,"Plegadis chihi","NT"
26,"Puffinus creatopus","EN"
26,"Puffinus griseus","NT"
26,"Spheniscus humboldti","VU"
26,"Sula variegata","LC"
26,"Thalassarche melanophris","LC"
26,"Thalassarche salvini","VU"
26,"Thalasseus elegans","NT"
26,"Tringa flavipes","LC"
27,"Argopecten purpuratus","LC"
27,"Charadrius modestus","LC"
27,"Charadrius nivosus","VU"
27,"Chroicocephalus serranus","LC"
27,"Coscoroba coscoroba","LC"
27,"Haematopus palliatus","NT"
27,"Leucocarbo bougainvillii","NT"
27,"Leucophaeus modestus","VU"
27,"Leucophaeus pipixcan","LC"
27,"Numenius phaeopus","LC"
27,"Pelecanus thagus","NT"
27,"Phalacrocorax gaimardi","NT"
27,"Sula variegata","LC"
28,"Ameghinomya antiqua","NT"
28,"Argopecten purpuratus","LC"
28,"Aulacomya atra","LC"
28,"Charadrius collaris","NT"
28,"Charadrius modestus","LC"
28,"Charadrius nivosus","VU"
28,"Chroicocephalus serranus","LC"
28,"Coscoroba coscoroba","LC"
28,"Concholepas concholepas","EN"
28,"Cryphiops caementarius","VU"
28,"Cygnus melancoryphus","LC"
28,"Diomedea epomophora","VU"
28,"Dosidicus gigas","EN"
28,"Durvillaea antarctica","LC"
28,"Engraulis ringens","VU"
28,"Ensis macha","VU"
28,"Falco peregrinus","LC"
28,"Geranoaetus melanoleucus","LC"
28,"Grampus griseus","VU"
28,"Grimothea johni","VU"
28,"Grimothea monodon","VU"
28,"Haematopus palliatus","NT"
28,"Heterocarpus reedi","VU"
28,"Ixobrychus involucris","LC"
28,"Lagenorhynchus obscurus","LC"
28,"Larosterna inca","NT"
28,"Laterallus jamaicensis","NT"
28,"Leucocarbo bougainvillii","NT"
28,"Leucophaeus modestus","VU"
28,"Leucophaeus pipixcan","LC"
28,"Lontra felina","EN"
28,"Loxechinus albus","VU"
28,"Macronectes giganteus","VU"
28,"Mesodesma donacium","EN"
28,"Mulinia edulis","VU"
28,"Mytilus chilensis","NT"
28,"Numenius phaeopus","LC"
28,"Otaria byronia","LC"
28,"Pandion haliaetus","LC"
28,"Pelecanoides garnotii","EN"
28,"Pelecanus thagus","NT"
28,"Phalacrocorax gaimardi","NT"
28,"Phoebastria irrorata","CR"
28,"Phoenicoparrus jamesi","VU"
28,"Phoenicopterus chilensis","NT"
28,"Plegadis chihi","NT"
28,"Pterodroma defilippiana","VU"
28,"Puffinus creatopus","EN"
28,"Puffinus griseus","NT"
28,"Recurvirostra andina","VU"
28,"Sardinops sagax","CR"
28,"Spheniscus humboldti","VU"
28,"Sula variegata","LC"
28,"Tagelus dombeii","EN"
28,"Thalassarche bulleri","NT"
28,"Thalassarche melanophris","LC"
28,"Thalassarche salvini","VU"
28,"Thalasseus elegans","NT"
28,"Tringa flavipes","LC"
28,"Tursiops truncatus","LC"
29,"Charadrius collaris","NT"
29,"Charadrius modestus","LC"
29,"Cygnus melancoryphus","LC"
29,"Diomedea epomophora","VU"
29,"Falco peregrinus","LC"
29,"Grampus griseus","VU"
29,"Haematopus palliatus","NT"
29,"Ixobrychus involucris","LC"
29,"Larosterna inca","NT"
29,"Leucocarbo bougainvillii","NT"
29,"Leucophaeus modestus","VU"
29,"Leucophaeus pipixcan","LC"
29,"Macronectes giganteus","VU"
29,"Numenius phaeopus","LC"
29,"Pelecanus thagus","NT"
29,"Phalacrocorax gaimardi","NT"
29,"Pterodroma longirostris","EN"
29,"Puffinus creatopus","EN"
29,"Puffinus griseus","NT"
29,"Sula variegata","LC"
29,"Thalassarche salvini","VU"
29,"Thalasseus elegans","NT"
30,"Balaenoptera borealis","EN"
30,"Charadrius collaris","NT"
30,"Charadrius modestus","LC"
30,"Charadrius nivosus","VU"
30,"Coscoroba coscoroba","LC"
30,"Cygnus melancoryphus","LC"
30,"Desmophyllum dianthus","NT"
30,"Diomedea epomophora","VU"
30,"Durvillaea antarctica","LC"
30,"Enteroctopus megalocyathus","LC"
30,"Eubalaena australis","EN"
30,"Falco peregrinus","LC"
30,"Geranoaetus melanoleucus","LC"
30,"Haematopus palliatus","NT"
30,"Lagenorhynchus australis","LC"
30,"Leucocarbo bougainvillii","NT"
30,"Leucophaeus modestus","VU"
30,"Leucophaeus pipixcan","LC"
30,"Lontra felina","EN"
30,"Loxechinus albus","VU"
30,"Macronectes giganteus","VU"
30,"Megaptera novaeangliae","VU"
30,"Merluccius gayi","EN"
30,"Mytilus chilensis","NT"
30,"Numenius phaeopus","LC"
30,"Otaria byronia","LC"
30,"Pelecanus thagus","NT"
30,"Phalacrocorax gaimardi","NT"
30,"Plegadis chihi","NT"
30,"Primnoella chilensis","EN"
30,"Puffinus creatopus","EN"
30,"Puffinus griseus","NT"
30,"Spheniscus humboldti","VU"
30,"Sula variegata","LC"
30,"Thalassarche melanophris","LC"
30,"Thalassarche salvini","VU"
30,"Thalasseus elegans","NT"
30,"Tringa flavipes","LC"
31,"Charadrius modestus","LC"
31,"Concholepas concholepas","EN"
31,"Chloephaga hybrida","VU"
31,"Cygnus melancoryphus","LC"
31,"Dosidicus gigas","EN"
31,"Haematopus palliatus","NT"
31,"Leucophaeus pipixcan","LC"
31,"Macronectes giganteus","VU"
31,"Numenius phaeopus","LC"
31,"Pelecanus thagus","NT"
31,"Puffinus griseus","NT"
31,"Sula variegata","LC"
31,"Tachyeres pteneres","NT"
31,"Tagelus dombeii","EN"
31,"Tringa flavipes","LC"
32,"Charadrius collaris","NT"
32,"Charadrius modestus","LC"
32,"Charadrius nivosus","VU"
32,"Coscoroba coscoroba","LC"
32,"Cygnus melancoryphus","LC"
32,"Falco peregrinus","LC"
32,"Geranoaetus melanoleucus","LC"
32,"Grimothea monodon","VU"
32,"Haematopus palliatus","NT"
32,"Heteronetta atricapilla","LC"
32,"Laterallus jamaicensis","NT"
32,"Leucocarbo bougainvillii","NT"
32,"Leucophaeus modestus","VU"
32,"Leucophaeus pipixcan","LC"
32,"Numenius phaeopus","LC"
32,"Pelecanoides garnotii","EN"
32,"Pelecanus thagus","NT"
32,"Phalacrocorax gaimardi","NT"
32,"Phoenicopterus chilensis","NT"
32,"Plegadis chihi","NT"
32,"Puffinus creatopus","EN"
32,"Puffinus griseus","NT"
32,"Sula variegata","LC"
32,"Thalassarche melanophris","LC"
32,"Thalasseus elegans","NT"
32,"Tringa flavipes","LC"
33,"Charadrius nivosus","VU"
33,"Chloephaga hybrida","VU"
33,"Coscoroba coscoroba","LC"
33,"Cygnus melancoryphus","LC"
33,"Ensis macha","VU"
33,"Eubalaena australis","EN"
33,"Haematopus palliatus","NT"
33,"Leucophaeus pipixcan","LC"
33,"Numenius phaeopus","LC"
33,"Pelecanus thagus","NT"
33,"Phoenicopterus chilensis","NT"
33,"Puffinus griseus","NT"
33,"Spheniscus humboldti","VU"
33,"Sula variegata","LC"
33,"Tachyeres pteneres","NT"
34,"Charadrius collaris","NT"
34,"Charadrius modestus","LC"
34,"Chroicocephalus serranus","LC"
34,"Coscoroba coscoroba","LC"
34,"Cygnus melancoryphus","LC"
34,"Diomedea epomophora","VU"
34,"Falco peregrinus","LC"
34,"Grampus griseus","VU"
34,"Grimothea johni","VU"
34,"Grimothea monodon","VU"
34,"Haematopus palliatus","NT"
34,"Heterocarpus reedi","VU"
34,"Ixobrychus involucris","LC"
34,"Larosterna inca","NT"
34,"Leucocarbo bougainvillii","NT"
34,"Leucophaeus modestus","VU"
34,"Leucophaeus pipixcan","LC"
34,"Macronectes giganteus","VU"
34,"Merluccius gayi","EN"
34,"Mytilus chilensis","NT"
34,"Numenius phaeopus","LC"
34,"Pelecanoides garnotii","EN"
34,"Pelecanus thagus","NT"
34,"Phalacrocorax gaimardi","NT"
34,"Phoenicopterus chilensis","NT"
34,"Puffinus creatopus","EN"
34,"Puffinus griseus","NT"
34,"Spheniscus humboldti","VU"
34,"Sula variegata","LC"
34,"Thalassarche bulleri","NT"
34,"Thalassarche melanophris","LC"
34,"Thalassarche salvini","VU"
34,"Thalasseus elegans","NT"
34,"Tringa flavipes","LC"
35,"Charadrius collaris","NT"
35,"Charadrius modestus","LC"
35,"Charadrius nivosus","VU"
35,"Chroicocephalus serranus","LC"
35,"Coscoroba coscoroba","LC"
35,"Cygnus melancoryphus","LC"
35,"Durvillaea antarctica","LC"
35,"Falco peregrinus","LC"
35,"Geranoaetus melanoleucus","LC"
35,"Haematopus palliatus","NT"
35,"Heteronetta atricapilla","LC"
35,"Ixobrychus involucris","LC"
35,"Larosterna inca","NT"
35,"Laterallus jamaicensis","NT"
35,"Leucocarbo bougainvillii","NT"
35,"Leucophaeus modestus","VU"
35,"Leucophaeus pipixcan","LC"
35,"Lontra felina","EN"
35,"Macronectes giganteus","VU"
35,"Merluccius gayi","EN"
35,"Mesodesma donacium","EN"
35,"Mytilus chilensis","NT"
35,"Numenius phaeopus","LC"
35,"Otaria byronia","LC"
35,"Pelecanoides garnotii","EN"
35,"Pelecanus thagus","NT"
35,"Phalacrocorax gaimardi","NT"
35,"Plegadis chihi","NT"
35,"Puffinus griseus","NT"
35,"Spheniscus humboldti","VU"
35,"Sula variegata","LC"
35,"Thalassarche melanophris","LC"
35,"Thalassarche salvini","VU"
35,"Thalasseus elegans","NT"
35,"Tringa flavipes","LC"
36,"Balaenoptera borealis","EN"
36,"Charadrius modestus","LC"
36,"Charadrius nivosus","VU"
36,"Diomedea epomophora","VU"
36,"Falco peregrinus","LC"
36,"Grampus griseus","VU"
36,"Haematopus palliatus","NT"
36,"Lagenorhynchus obscurus","LC"
36,"Larosterna inca","NT"
36,"Leucocarbo bougainvillii","NT"
36,"Leucophaeus modestus","VU"
36,"Leucophaeus pipixcan","LC"
36,"Lontra felina","EN"
36,"Macronectes giganteus","VU"
36,"Megaptera novaeangliae","VU"
36,"Numenius phaeopus","LC"
36,"Orcinus orca","LC"
36,"Otaria byronia","LC"
36,"Pelecanoides garnotii","EN"
36,"Pelecanus thagus","NT"
36,"Phalacrocorax gaimardi","NT"
36,"Puffinus creatopus","EN"
36,"Puffinus griseus","NT"
36,"Spheniscus humboldti","VU"
36,"Sula variegata","LC"
36,"Thalassarche bulleri","NT"
36,"Thalassarche melanophris","LC"
36,"Thalassarche salvini","VU"
36,"Thalasseus elegans","NT"
36,"Trachurus murphyi","VU"
36,"Tursiops truncatus","LC"
37,"Eubalaena australis","EN"
37,"Diomedea epomophora","VU"
37,"Haematopus palliatus","NT"
38,"Aulacomya atra","LC"
38,"Concholepas concholepas","EN"
38,"Charadrius modestus","LC"
38,"Chloephaga hybrida","VU"
38,"Desmophyllum dianthus","NT"
38,"Diomedea epomophora","VU"
38,"Durvillaea antarctica","LC"
38,"Ensis macha","VU"
38,"Falco peregrinus","LC"
38,"Haematopus palliatus","NT"
38,"Lagenorhynchus australis","LC"
38,"Lagenorhynchus obscurus","LC"
38,"Leucophaeus pipixcan","LC"
38,"Loxechinus albus","VU"
38,"Macronectes giganteus","VU"
38,"Megaptera novaeangliae","VU"
38,"Mytilus chilensis","NT"
38,"Numenius phaeopus","LC"
38,"Orcinus orca","LC"
38,"Otaria byronia","LC"
38,"Pelecanus thagus","NT"
38,"Phalacrocorax gaimardi","NT"
38,"Phoenicopterus chilensis","NT"
38,"Puffinus creatopus","EN"
38,"Puffinus griseus","NT"
38,"Sarcopeltis skottsbergii","VU"
38,"Tachyeres pteneres","NT"
38,"Tawera elliptica","EN"
38,"Thalassarche melanophris","LC"
38,"Tursiops truncatus","LC"
39,"Aulacomya atra","LC"
39,"Charadrius collaris","NT"
39,"Charadrius modestus","LC"
39,"Charadrius nivosus","VU"
39,"Coscoroba coscoroba","LC"
39,"Cygnus melancoryphus","LC"
39,"Desmophyllum dianthus","NT"
39,"Diomedea exulans","VU"
39,"Falco peregrinus","LC"
39,"Haematopus palliatus","NT"
39,"Heterocarpus reedi","VU"
39,"Lagenorhynchus australis","LC"
39,"Leucocarbo bougainvillii","NT"
39,"Leucophaeus pipixcan","LC"
39,"Loxechinus albus","VU"
39,"Macronectes giganteus","VU"
39,"Mytilus chilensis","NT"
39,"Numenius phaeopus","LC"
39,"Otaria byronia","LC"
39,"Pelecanus thagus","NT"
39,"Phalacrocorax gaimardi","NT"
39,"Phoenicopterus chilensis","NT"
39,"Puffinus creatopus","EN"
39,"Puffinus griseus","NT"
39,"Spheniscus humboldti","VU"
39,"Sula variegata","LC"
39,"Tachyeres patachonicus","LC"
39,"Tachyeres pteneres","NT"
39,"Tagelus dombeii","EN"
39,"Thalassarche melanophris","LC"
39,"Thalasseus elegans","NT"
39,"Tringa flavipes","LC"
39,"Vultur gryphus","NT"
40,"Ameghinomya antiqua","NT"
40,"Aulacomya atra","LC"
40,"Charadrius collaris","NT"
40,"Charadrius modestus","LC"
40,"Charadrius nivosus","VU"
40,"Chroicocephalus serranus","LC"
40,"Coscoroba coscoroba","LC"
40,"Cygnus melancoryphus","LC"
40,"Diomedea epomophora","VU"
40,"Durvillaea antarctica","LC"
40,"Falco peregrinus","LC"
40,"Geranoaetus melanoleucus","LC"
40,"Haematopus palliatus","NT"
40,"Heteronetta atricapilla","LC"
40,"Ixobrychus involucris","LC"
40,"Larosterna inca","NT"
40,"Laterallus jamaicensis","NT"
40,"Leptonychotes weddellii","LC"
40,"Leucocarbo bougainvillii","NT"
40,"Leucophaeus modestus","VU"
40,"Leucophaeus pipixcan","LC"
40,"Loxechinus albus","VU"
40,"Macronectes giganteus","VU"
40,"Mytilus chilensis","NT"
40,"Numenius phaeopus","LC"
40,"Otaria byronia","LC"
40,"Pelecanoides garnotii","EN"
40,"Pelecanus thagus","NT"
40,"Phalacrocorax gaimardi","NT"
40,"Phoenicopterus chilensis","NT"
40,"Plegadis chihi","NT"
40,"Puffinus creatopus","EN"
40,"Puffinus griseus","NT"
40,"Spheniscus humboldti","VU"
40,"Sula variegata","LC"
40,"Thalassarche melanophris","LC"
40,"Thalassarche salvini","VU"
40,"Thalasseus elegans","NT"
40,"Tringa flavipes","LC"
41,"Aulacomya atra","LC"
41,"Charadrius nivosus","VU"
41,"Chroicocephalus serranus","LC"
41,"Larosterna inca","NT"
41,"Leucocarbo bougainvillii","NT"
41,"Leucophaeus modestus","VU"
41,"Leucophaeus pipixcan","LC"
41,"Loxechinus albus","VU"
41,"Numenius phaeopus","LC"
41,"Pandion haliaetus","LC"
41,"Pelecanus thagus","NT"
41,"Phalacrocorax gaimardi","NT"
41,"Spheniscus humboldti","VU"
41,"Sula variegata","LC"
41,"Thalasseus elegans","NT"
41,"Trachurus murphyi","VU"
42,"Charadrius collaris","NT"
42,"Charadrius modestus","LC"
42,"Charadrius nivosus","VU"
42,"Chroicocephalus serranus","LC"
42,"Coscoroba coscoroba","LC"
42,"Cryphiops caementarius","VU"
42,"Cygnus melancoryphus","LC"
42,"Ensis macha","VU"
42,"Falco peregrinus","LC"
42,"Haematopus palliatus","NT"
42,"Heteronetta atricapilla","LC"
42,"Ixobrychus involucris","LC"
42,"Larosterna inca","NT"
42,"Laterallus jamaicensis","NT"
42,"Leucocarbo bougainvillii","NT"
42,"Leucophaeus modestus","VU"
42,"Leucophaeus pipixcan","LC"
42,"Macronectes giganteus","VU"
42,"Numenius phaeopus","LC"
42,"Pelecanoides garnotii","EN"
42,"Pelecanus thagus","NT"
42,"Phalacrocorax gaimardi","NT"
42,"Phoenicopterus chilensis","NT"
42,"Plegadis chihi","NT"
42,"Pterodroma defilippiana","VU"
42,"Puffinus creatopus","EN"
42,"Puffinus griseus","NT"
42,"Recurvirostra andina","VU"
42,"Spheniscus humboldti","VU"
42,"Sula variegata","LC"
42,"Thalassarche melanophris","LC"
42,"Thalasseus elegans","NT"
42,"Tringa flavipes","LC"
43,"Ameghinomya antiqua","NT"
43,"Argopecten purpuratus","LC"
43,"Aulacomya atra","LC"
43,"Charadrius collaris","NT"
43,"Charadrius modestus","LC"
43,"Charadrius nivosus","VU"
43,"Chroicocephalus serranus","LC"
43,"Delphinus delphis","LC"
43,"Dosidicus gigas","EN"
43,"Engraulis ringens","VU"
43,"Falco peregrinus","LC"
43,"Geranoaetus melanoleucus","LC"
43,"Haematopus palliatus","NT"
43,"Larosterna inca","NT"
43,"Leucocarbo bougainvillii","NT"
43,"Leucophaeus modestus","VU"
43,"Leucophaeus pipixcan","LC"
43,"Lontra felina","EN"
43,"Loxechinus albus","VU"
43,"Macronectes giganteus","VU"
43,"Megaptera novaeangliae","VU"
43,"Mesodesma donacium","EN"
43,"Mirounga leonina","LC"
43,"Mulinia edulis","VU"
43,"Mytilus chilensis","NT"
43,"Numenius phaeopus","LC"
43,"Oceanodroma markhami","EN"
43,"Oceanodroma tethys","VU"
43,"Orcinus orca","LC"
43,"Otaria byronia","LC"
43,"Pandion haliaetus","LC"
43,"Pelecanoides garnotii","EN"
43,"Pelecanus thagus","NT"
43,"Phalacrocorax gaimardi","NT"
43,"Phoenicopterus chilensis","NT"
43,"Puffinus creatopus","EN"
43,"Puffinus griseus","NT"
43,"Spheniscus humboldti","VU"
43,"Sternula lorata","EN"
43,"Sula variegata","LC"
43,"Thalassarche bulleri","NT"
43,"Thalassarche melanophris","LC"
43,"Thalassarche salvini","VU"
43,"Thalasseus elegans","NT"
43,"Tringa flavipes","LC"
43,"Tursiops truncatus","LC"
44,"Ameghinomya antiqua","NT"
44,"Argopecten purpuratus","LC"
44,"Charadrius collaris","NT"
44,"Charadrius modestus","LC"
44,"Charadrius nivosus","VU"
44,"Chroicocephalus serranus","LC"
44,"Coscoroba coscoroba","LC"
44,"Diomedea epomophora","VU"
44,"Falco peregrinus","LC"
44,"Geranoaetus melanoleucus","LC"
44,"Grampus griseus","VU"
44,"Grimothea johni","VU"
44,"Grimothea monodon","VU"
44,"Haematopus palliatus","NT"
44,"Heterocarpus reedi","VU"
44,"Larosterna inca","NT"
44,"Lepidochelys olivacea","VU"
44,"Leucocarbo bougainvillii","NT"
44,"Leucophaeus modestus","VU"
44,"Leucophaeus pipixcan","LC"
44,"Lontra felina","EN"
44,"Macronectes giganteus","VU"
44,"Megaptera novaeangliae","VU"
44,"Mesodesma donacium","EN"
44,"Mytilus chilensis","NT"
44,"Numenius phaeopus","LC"
44,"Otaria byronia","LC"
44,"Pandion haliaetus","LC"
44,"Pelecanoides garnotii","EN"
44,"Pelecanus thagus","NT"
44,"Phalacrocorax gaimardi","NT"
44,"Pterodroma defilippiana","VU"
44,"Puffinus creatopus","EN"
44,"Puffinus griseus","NT"
44,"Recurvirostra andina","VU"
44,"Spheniscus humboldti","VU"
44,"Sula variegata","LC"
44,"Thalassarche bulleri","NT"
44,"Thalassarche melanophris","LC"
44,"Thalassarche salvini","VU"
44,"Thalasseus elegans","NT"
44,"Tringa flavipes","LC"
44,"Tursiops truncatus","LC"
44,"Vultur gryphus","NT"
45,"Charadrius collaris","NT"
45,"Charadrius modestus","LC"
45,"Charadrius nivosus","VU"
45,"Chroicocephalus serranus","LC"
45,"Coscoroba coscoroba","LC"
45,"Cygnus melancoryphus","LC"
45,"Falco peregrinus","LC"
45,"Geranoaetus melanoleucus","LC"
45,"Haematopus palliatus","NT"
45,"Heteronetta atricapilla","LC"
45,"Larosterna inca","NT"
45,"Leucocarbo bougainvillii","NT"
45,"Leucophaeus modestus","VU"
45,"Leucophaeus pipixcan","LC"
45,"Lontra felina","EN"
45,"Loxechinus albus","VU"
45,"Macronectes giganteus","VU"
45,"Mytilus chilensis","NT"
45,"Numenius phaeopus","LC"
45,"Otaria byronia","LC"
45,"Pelecanoides garnotii","EN"
45,"Pelecanus thagus","NT"
45,"Phalacrocorax gaimardi","NT"
45,"Phoenicoparrus jamesi","VU"
45,"Plegadis chihi","NT"
45,"Puffinus griseus","NT"
45,"Spheniscus humboldti","VU"
45,"Sula variegata","LC"
45,"Thalassarche salvini","VU"
45,"Thalasseus elegans","NT"
45,"Tringa flavipes","LC"
46,"Charadrius collaris","NT"
46,"Charadrius modestus","LC"
46,"Charadrius nivosus","VU"
46,"Chelonia mydas","EN"
46,"Chroicocephalus serranus","LC"
46,"Coscoroba coscoroba","LC"
46,"Cryphiops caementarius","VU"
46,"Cygnus melancoryphus","LC"
46,"Diomedea epomophora","VU"
46,"Enteroctopus megalocyathus","LC"
46,"Falco peregrinus","LC"
46,"Geranoaetus melanoleucus","LC"
46,"Grimothea johni","VU"
46,"Grimothea monodon","VU"
46,"Haematopus palliatus","NT"
46,"Heterocarpus reedi","VU"
46,"Heteronetta atricapilla","LC"
46,"Ixobrychus involucris","LC"
46,"Larosterna inca","NT"
46,"Laterallus jamaicensis","NT"
46,"Leucocarbo bougainvillii","NT"
46,"Leucophaeus modestus","VU"
46,"Leucophaeus pipixcan","LC"
46,"Lontra felina","EN"
46,"Macronectes giganteus","VU"
46,"Mesodesma donacium","EN"
46,"Mirounga leonina","LC"
46,"Mulinia edulis","VU"
46,"Mytilus chilensis","NT"
46,"Numenius phaeopus","LC"
46,"Otaria byronia","LC"
46,"Pandion haliaetus","LC"
46,"Pelecanoides garnotii","EN"
46,"Pelecanus thagus","NT"
46,"Phalacrocorax gaimardi","NT"
46,"Phoenicoparrus jamesi","VU"
46,"Phoenicopterus chilensis","NT"
46,"Plegadis chihi","NT"
46,"Pterodroma defilippiana","VU"
46,"Puffinus creatopus","EN"
46,"Puffinus griseus","NT"
46,"Recurvirostra andina","VU"
46,"Spheniscus humboldti","VU"
46,"Sula variegata","LC"
46,"Tawera elliptica","EN"
46,"Thalassarche melanophris","LC"
46,"Thalassarche salvini","VU"
46,"Thalasseus elegans","NT"
46,"Tringa flavipes","LC"
46,"Tursiops truncatus","LC"
46,"Vultur gryphus","NT"
47,"Charadrius modestus","LC"
47,"Choromytilus chorus","LC"
47,"Cygnus melancoryphus","LC"
47,"Diomedea exulans","VU"
47,"Falco peregrinus","LC"
47,"Haematopus palliatus","NT"
47,"Leucophaeus modestus","VU"
47,"Leucophaeus pipixcan","LC"
47,"Macronectes giganteus","VU"
47,"Numenius phaeopus","LC"
47,"Pelecanus thagus","NT"
47,"Phalacrocorax gaimardi","NT"
47,"Puffinus griseus","NT"
47,"Sula variegata","LC"
47,"Thalassarche melanophris","LC"
48,"Charadrius modestus","LC"
48,"Chloephaga hybrida","VU"
48,"Coscoroba coscoroba","LC"
48,"Cygnus melancoryphus","LC"
48,"Falco peregrinus","LC"
48,"Geranoaetus melanoleucus","LC"
48,"Phoenicopterus chilensis","NT"
48,"Tachyeres patachonicus","LC"
48,"Vultur gryphus","NT"
49,"Falco peregrinus","LC"
49,"Haematopus palliatus","NT"
49,"Leucophaeus pipixcan","LC"
49,"Mulinia edulis","VU"
49,"Numenius phaeopus","LC"
49,"Otaria byronia","LC"
49,"Pelecanus thagus","NT"
49,"Phalacrocorax gaimardi","NT"
49,"Puffinus creatopus","EN"
49,"Puffinus griseus","NT"
49,"Thalassarche melanophris","LC"
49,"Thalasseus elegans","NT"
50,"Charadrius collaris","NT"
50,"Charadrius modestus","LC"
50,"Charadrius nivosus","VU"
50,"Chroicocephalus serranus","LC"
50,"Coscoroba coscoroba","LC"
50,"Cygnus melancoryphus","LC"
50,"Diomedea epomophora","VU"
50,"Falco peregrinus","LC"
50,"Geranoaetus melanoleucus","LC"
50,"Haematopus palliatus","NT"
50,"Larosterna inca","NT"
50,"Leucocarbo bougainvillii","NT"
50,"Leucophaeus modestus","VU"
50,"Leucophaeus pipixcan","LC"
50,"Macronectes giganteus","VU"
50,"Numenius phaeopus","LC"
50,"Pandion haliaetus","LC"
50,"Pelecanoides garnotii","EN"
50,"Pelecanus thagus","NT"
50,"Phalacrocorax gaimardi","NT"
50,"Phoenicopterus chilensis","NT"
50,"Plegadis chihi","NT"
50,"Puffinus creatopus","EN"
50,"Puffinus griseus","NT"
50,"Sula variegata","LC"
50,"Thalassarche bulleri","NT"
50,"Thalassarche melanophris","LC"
50,"Thalassarche salvini","VU"
50,"Thalasseus elegans","NT"
50,"Tringa flavipes","LC"
51,"Charadrius collaris","NT"
51,"Charadrius modestus","LC"
51,"Charadrius nivosus","VU"
51,"Coscoroba coscoroba","LC"
51,"Cygnus melancoryphus","LC"
51,"Falco peregrinus","LC"
51,"Haematopus palliatus","NT"
51,"Leucocarbo bougainvillii","NT"
51,"Leucophaeus modestus","VU"
51,"Leucophaeus pipixcan","LC"
51,"Numenius phaeopus","LC"
51,"Pelecanus thagus","NT"
51,"Phoenicopterus chilensis","NT"
51,"Sula variegata","LC"
51,"Thalasseus elegans","NT"
52,"Heterocarpus reedi","VU"
52,"Eubalaena australis","EN"
53,"Charadrius modestus","LC"
53,"Coscoroba coscoroba","LC"
53,"Cygnus melancoryphus","LC"
53,"Falco peregrinus","LC"
53,"Haematopus palliatus","NT"
53,"Leucophaeus pipixcan","LC"
53,"Numenius phaeopus","LC"
53,"Pelecanus thagus","NT"
53,"Phalacrocorax gaimardi","NT"
53,"Puffinus creatopus","EN"
53,"Puffinus griseus","NT"
53,"Spheniscus humboldti","VU"
53,"Sula variegata","LC"
53,"Tachyeres pteneres","NT"
53,"Thalasseus elegans","NT"
54,"Charadrius collaris","NT"
54,"Charadrius modestus","LC"
54,"Charadrius nivosus","VU"
54,"Choromytilus chorus","LC"
54,"Chroicocephalus serranus","LC"
54,"Coscoroba coscoroba","LC"
54,"Cygnus melancoryphus","LC"
54,"Diomedea epomophora","VU"
54,"Eubalaena australis","EN"
54,"Falco peregrinus","LC"
54,"Geranoaetus melanoleucus","LC"
54,"Grimothea johni","VU"
54,"Grimothea monodon","VU"
54,"Haematopus palliatus","NT"
54,"Heterocarpus reedi","VU"
54,"Heteronetta atricapilla","LC"
54,"Ixobrychus involucris","LC"
54,"Larosterna inca","NT"
54,"Laterallus jamaicensis","NT"
54,"Leucocarbo bougainvillii","NT"
54,"Leucophaeus modestus","VU"
54,"Leucophaeus pipixcan","LC"
54,"Lontra felina","EN"
54,"Loxechinus albus","VU"
54,"Macronectes giganteus","VU"
54,"Mesodesma donacium","EN"
54,"Mugil cephalus","LC"
54,"Mytilus chilensis","NT"
54,"Numenius phaeopus","LC"
54,"Octopus vulgaris","LC"
54,"Otaria byronia","LC"
54,"Pandion haliaetus","LC"
54,"Pelecanus thagus","NT"
54,"Phalacrocorax gaimardi","NT"
54,"Plegadis chihi","NT"
54,"Puffinus griseus","NT"
54,"Spheniscus humboldti","VU"
54,"Sula variegata","LC"
54,"Thalassarche bulleri","NT"
54,"Thalassarche melanophris","LC"
54,"Thalasseus elegans","NT"
54,"Tringa flavipes","LC"
54,"Vultur gryphus","NT"
55,"Aulacomya atra","LC"
55,"Charadrius collaris","NT"
55,"Charadrius modestus","LC"
55,"Chelonia mydas","EN"
55,"Choromytilus chorus","LC"
55,"Cygnus melancoryphus","LC"
55,"Diomedea epomophora","VU"
55,"Diomedea exulans","VU"
55,"Durvillaea antarctica","LC"
55,"Eleginops maclovinus","LC"
55,"Engraulis ringens","VU"
55,"Falco peregrinus","LC"
55,"Haematopus palliatus","NT"
55,"Larosterna inca","NT"
55,"Leucocarbo bougainvillii","NT"
55,"Leucophaeus modestus","VU"
55,"Leucophaeus pipixcan","LC"
55,"Macronectes giganteus","VU"
55,"Merluccius gayi","EN"
55,"Mytilus chilensis","NT"
55,"Numenius phaeopus","LC"
55,"Pelecanoides garnotii","EN"
55,"Pelecanus thagus","NT"
55,"Phalacrocorax gaimardi","NT"
55,"Plegadis chihi","NT"
55,"Puffinus creatopus","EN"
55,"Puffinus griseus","NT"
55,"Spheniscus humboldti","VU"
55,"Sula variegata","LC"
55,"Thalassarche bulleri","NT"
55,"Thalassarche melanophris","LC"
55,"Thalassarche salvini","VU"
55,"Thalasseus elegans","NT"
56,"Charadrius collaris","NT"
56,"Charadrius modestus","LC"
56,"Charadrius nivosus","VU"
56,"Coscoroba coscoroba","LC"
56,"Cygnus melancoryphus","LC"
56,"Falco peregrinus","LC"
56,"Haematopus palliatus","NT"
56,"Leucocarbo bougainvillii","NT"
56,"Leucophaeus modestus","VU"
56,"Leucophaeus pipixcan","LC"
56,"Lontra felina","EN"
56,"Mytilus chilensis","NT"
56,"Numenius phaeopus","LC"
56,"Pelecanus thagus","NT"
56,"Phalacrocorax gaimardi","NT"
56,"Plegadis chihi","NT"
56,"Puffinus creatopus","EN"
56,"Puffinus griseus","NT"
56,"Spheniscus humboldti","VU"
56,"Sula variegata","LC"
56,"Thalassarche melanophris","LC"
56,"Thalasseus elegans","NT"
56,"Tringa flavipes","LC"
57,"Charadrius collaris","NT"
57,"Charadrius modestus","LC"
57,"Charadrius nivosus","VU"
57,"Chloephaga hybrida","VU"
57,"Coscoroba coscoroba","LC"
57,"Cygnus melancoryphus","LC"
57,"Diomedea epomophora","VU"
57,"Ensis macha","VU"
57,"Falco peregrinus","LC"
57,"Haematopus palliatus","NT"
57,"Heteronetta atricapilla","LC"
57,"Ixobrychus involucris","LC"
57,"Lagenorhynchus australis","LC"
57,"Leucocarbo bougainvillii","NT"
57,"Leucophaeus modestus","VU"
57,"Leucophaeus pipixcan","LC"
57,"Lontra felina","EN"
57,"Macronectes giganteus","VU"
57,"Numenius phaeopus","LC"
57,"Pelecanus thagus","NT"
57,"Phalacrocorax gaimardi","NT"
57,"Phoenicopterus chilensis","NT"
57,"Plegadis chihi","NT"
57,"Puffinus creatopus","EN"
57,"Puffinus griseus","NT"
57,"Spheniscus humboldti","VU"
57,"Sula variegata","LC"
57,"Tachyeres pteneres","NT"
57,"Tagelus dombeii","EN"
57,"Thalassarche melanophris","LC"
57,"Thalasseus elegans","NT"
57,"Tringa flavipes","LC"
57,"Zearaja chilensis","EN"
58,"Argopecten purpuratus","LC"
58,"Charadrius collaris","NT"
58,"Charadrius modestus","LC"
58,"Charadrius nivosus","VU"
58,"Chroicocephalus serranus","LC"
58,"Delphinus delphis","LC"
58,"Dermochelys coriacea","CR"
58,"Falco peregrinus","LC"
58,"Haematopus palliatus","NT"
58,"Lagenorhynchus obscurus","LC"
58,"Larosterna inca","NT"
58,"Leucocarbo bougainvillii","NT"
58,"Leucophaeus modestus","VU"
58,"Leucophaeus pipixcan","LC"
58,"Macronectes giganteus","VU"
58,"Numenius phaeopus","LC"
58,"Oceanodroma markhami","EN"
58,"Otaria byronia","LC"
58,"Pandion haliaetus","LC"
58,"Pelecanoides garnotii","EN"
58,"Pelecanus thagus","NT"
58,"Phalacrocorax gaimardi","NT"
58,"Pterodroma defilippiana","VU"
58,"Puffinus creatopus","EN"
58,"Puffinus griseus","NT"
58,"Spheniscus humboldti","VU"
58,"Sternula lorata","EN"
58,"Sula variegata","LC"
58,"Tagelus dombeii","EN"
58,"Thalassarche bulleri","NT"
58,"Thalassarche salvini","VU"
58,"Thalasseus elegans","NT"
59,"Balaenoptera borealis","EN"
59,"Charadrius modestus","LC"
59,"Chloephaga hybrida","VU"
59,"Coscoroba coscoroba","LC"
59,"Cygnus melancoryphus","LC"
59,"Desmophyllum dianthus","NT"
59,"Diomedea epomophora","VU"
59,"Diomedea exulans","VU"
59,"Durvillaea antarctica","LC"
59,"Eleginops maclovinus","LC"
59,"Errina antarctica","VU"
59,"Falco peregrinus","LC"
59,"Geranoaetus melanoleucus","LC"
59,"Lagenorhynchus australis","LC"
59,"Lagenorhynchus obscurus","LC"
59,"Leucophaeus pipixcan","LC"
59,"Lithodes santolla","VU"
59,"Macronectes giganteus","VU"
59,"Megaptera novaeangliae","VU"
59,"Mirounga leonina","LC"
59,"Mulinia edulis","VU"
59,"Mytilus chilensis","NT"
59,"Numenius phaeopus","LC"
59,"Orcinus orca","LC"
59,"Otaria byronia","LC"
59,"Pelecanus thagus","NT"
59,"Phoenicopterus chilensis","NT"
59,"Pterodroma longirostris","EN"
59,"Puffinus creatopus","EN"
59,"Puffinus griseus","NT"
59,"Speculanas specularis","NT"
59,"Tachyeres patachonicus","LC"
59,"Tachyeres pteneres","NT"
59,"Tawera elliptica","EN"
59,"Thalassarche chrysostoma","VU"
59,"Thalassarche eremita","VU"
59,"Thalassarche melanophris","LC"
59,"Thalassarche salvini","VU"
59,"Tringa flavipes","LC"
59,"Vultur gryphus","NT"
60,"Charadrius collaris","NT"
60,"Charadrius modestus","LC"
60,"Charadrius nivosus","VU"
60,"Chroicocephalus serranus","LC"
60,"Coscoroba coscoroba","LC"
60,"Cygnus melancoryphus","LC"
60,"Falco peregrinus","LC"
60,"Haematopus palliatus","NT"
60,"Heteronetta atricapilla","LC"
60,"Ixobrychus involucris","LC"
60,"Larosterna inca","NT"
60,"Leucocarbo bougainvillii","NT"
60,"Leucophaeus modestus","VU"
60,"Leucophaeus pipixcan","LC"
60,"Numenius phaeopus","LC"
60,"Pelecanus thagus","NT"
60,"Phalacrocorax gaimardi","NT"
60,"Phoenicopterus chilensis","NT"
60,"Plegadis chihi","NT"
60,"Puffinus griseus","NT"
60,"Spheniscus humboldti","VU"
60,"Sula variegata","LC"
60,"Thalasseus elegans","NT"
60,"Tringa flavipes","LC"
61,"Charadrius collaris","NT"
61,"Charadrius modestus","LC"
61,"Charadrius nivosus","VU"
61,"Chroicocephalus serranus","LC"
61,"Coscoroba coscoroba","LC"
61,"Cygnus melancoryphus","LC"
61,"Durvillaea antarctica","LC"
61,"Eubalaena australis","EN"
61,"Falco peregrinus","LC"
61,"Geranoaetus melanoleucus","LC"
61,"Grimothea johni","VU"
61,"Grimothea monodon","VU"
61,"Haematopus palliatus","NT"
61,"Ixobrychus involucris","LC"
61,"Laterallus jamaicensis","NT"
61,"Leucocarbo bougainvillii","NT"
61,"Leucophaeus modestus","VU"
61,"Leucophaeus pipixcan","LC"
61,"Macronectes giganteus","VU"
61,"Numenius phaeopus","LC"
61,"Pelecanoides garnotii","EN"
61,"Pelecanus thagus","NT"
61,"Phalacrocorax gaimardi","NT"
61,"Phoenicopterus chilensis","NT"
61,"Puffinus creatopus","EN"
61,"Puffinus griseus","NT"
61,"Spheniscus humboldti","VU"
61,"Sula variegata","LC"
61,"Thalassarche salvini","VU"
61,"Tringa flavipes","LC"
62,"Charadrius collaris","NT"
62,"Charadrius modestus","LC"
62,"Charadrius nivosus","VU"
62,"Chroicocephalus serranus","LC"
62,"Coscoroba coscoroba","LC"
62,"Cygnus melancoryphus","LC"
62,"Diomedea epomophora","VU"
62,"Falco peregrinus","LC"
62,"Geranoaetus melanoleucus","LC"
62,"Haematopus palliatus","NT"
62,"Larosterna inca","NT"
62,"Leucocarbo bougainvillii","NT"
62,"Leucophaeus modestus","VU"
62,"Leucophaeus pipixcan","LC"
62,"Lontra felina","EN"
62,"Macronectes giganteus","VU"
62,"Mytilus chilensis","NT"
62,"Numenius phaeopus","LC"
62,"Pelecanoides garnotii","EN"
62,"Pelecanus thagus","NT"
62,"Plegadis chihi","NT"
62,"Puffinus griseus","NT"
62,"Spheniscus humboldti","VU"
62,"Sula variegata","LC"
62,"Thalassarche bulleri","NT"
62,"Thalassarche melanophris","LC"
62,"Thalassarche salvini","VU"
62,"Thalasseus elegans","NT"
62,"Tringa flavipes","LC"
62,"Tursiops truncatus","LC"
63,"Charadrius collaris","NT"
63,"Charadrius modestus","LC"
63,"Charadrius nivosus","VU"
63,"Chroicocephalus serranus","LC"
63,"Coscoroba coscoroba","LC"
63,"Cygnus melancoryphus","LC"
63,"Falco peregrinus","LC"
63,"Haematopus palliatus","NT"
63,"Leucocarbo bougainvillii","NT"
63,"Leucophaeus modestus","VU"
63,"Leucophaeus pipixcan","LC"
63,"Numenius phaeopus","LC"
63,"Pelecanus thagus","NT"
63,"Phalacrocorax gaimardi","NT"
63,"Plegadis chihi","NT"
63,"Puffinus griseus","NT"
63,"Sula variegata","LC"
63,"Thalassarche melanophris","LC"
63,"Thalasseus elegans","NT"
63,"Tringa flavipes","LC"
64,"Charadrius collaris","NT"
64,"Charadrius modestus","LC"
64,"Charadrius nivosus","VU"
64,"Coscoroba coscoroba","LC"
64,"Cygnus melancoryphus","LC"
64,"Haematopus palliatus","NT"
64,"Larosterna inca","NT"
64,"Leucocarbo bougainvillii","NT"
64,"Leucophaeus modestus","VU"
64,"Leucophaeus pipixcan","LC"
64,"Macronectes giganteus","VU"
64,"Mytilus chilensis","NT"
64,"Numenius phaeopus","LC"
64,"Pelecanus thagus","NT"
64,"Phalacrocorax gaimardi","NT"
64,"Puffinus creatopus","EN"
64,"Puffinus griseus","NT"
64,"Sula variegata","LC"
64,"Thalasseus elegans","NT"
65,"Aulacomya atra","LC"
65,"Charadrius collaris","NT"
65,"Charadrius modestus","LC"
65,"Coscoroba coscoroba","LC"
65,"Cygnus melancoryphus","LC"
65,"Diomedea epomophora","VU"
65,"Durvillaea antarctica","LC"
65,"Falco peregrinus","LC"
65,"Geranoaetus melanoleucus","LC"
65,"Haematopus palliatus","NT"
65,"Larosterna inca","NT"
65,"Leucocarbo bougainvillii","NT"
65,"Leucophaeus modestus","VU"
65,"Leucophaeus pipixcan","LC"
65,"Lontra felina","EN"
65,"Mesodesma donacium","EN"
65,"Mytilus chilensis","NT"
65,"Numenius phaeopus","LC"
65,"Otaria byronia","LC"
65,"Pelecanoides garnotii","EN"
65,"Pelecanus thagus","NT"
65,"Phalacrocorax gaimardi","NT"
65,"Phoenicopterus chilensis","NT"
65,"Plegadis chihi","NT"
65,"Puffinus creatopus","EN"
65,"Puffinus griseus","NT"
65,"Spheniscus humboldti","VU"
65,"Sula variegata","LC"
65,"Tagelus dombeii","EN"
65,"Thalassarche bulleri","NT"
65,"Thalassarche melanophris","LC"
65,"Thalasseus elegans","NT"
65,"Tringa flavipes","LC"
66,"Charadrius collaris","NT"
66,"Charadrius modestus","LC"
66,"Charadrius nivosus","VU"
66,"Chroicocephalus serranus","LC"
66,"Coscoroba coscoroba","LC"
66,"Cygnus melancoryphus","LC"
66,"Diomedea epomophora","VU"
66,"Engraulis ringens","VU"
66,"Falco peregrinus","LC"
66,"Haematopus palliatus","NT"
66,"Heteronetta atricapilla","LC"
66,"Ixobrychus involucris","LC"
66,"Larosterna inca","NT"
66,"Laterallus jamaicensis","NT"
66,"Leucocarbo bougainvillii","NT"
66,"Leucophaeus modestus","VU"
66,"Leucophaeus pipixcan","LC"
66,"Macronectes giganteus","VU"
66,"Numenius phaeopus","LC"
66,"Pelecanoides garnotii","EN"
66,"Pelecanus thagus","NT"
66,"Phalacrocorax gaimardi","NT"
66,"Phoenicopterus chilensis","NT"
66,"Physeter macrocephalus","VU"
66,"Plegadis chihi","NT"
66,"Puffinus creatopus","EN"
66,"Puffinus griseus","NT"
66,"Spheniscus humboldti","VU"
66,"Sula variegata","LC"
66,"Thalassarche melanophris","LC"
66,"Thalassarche salvini","VU"
66,"Thalasseus elegans","NT"
66,"Tringa flavipes","LC"
67,"Ameghinomya antiqua","NT"
67,"Aulacomya atra","LC"
67,"Balaenoptera borealis","EN"
67,"Charadrius modestus","LC"
67,"Chloephaga hybrida","VU"
67,"Chloephaga rubidiceps","EN"
67,"Coscoroba coscoroba","LC"
67,"Cygnus melancoryphus","LC"
67,"Diomedea epomophora","VU"
67,"Diomedea exulans","VU"
67,"Ensis macha","VU"
67,"Falco peregrinus","LC"
67,"Geranoaetus melanoleucus","LC"
67,"Haematopus palliatus","NT"
67,"Lagenorhynchus australis","LC"
67,"Leucophaeus pipixcan","LC"
67,"Macronectes giganteus","VU"
67,"Mytilus chilensis","NT"
67,"Numenius phaeopus","LC"
67,"Orcinus orca","LC"
67,"Otaria byronia","LC"
67,"Phoenicopterus chilensis","NT"
67,"Pluvianellus socialis","EN"
67,"Puffinus creatopus","EN"
67,"Puffinus griseus","NT"
67,"Speculanas specularis","NT"
67,"Tachyeres patachonicus","LC"
67,"Tachyeres pteneres","NT"
67,"Tawera elliptica","EN"
67,"Thalassarche chrysostoma","VU"
67,"Thalassarche melanophris","LC"
67,"Vultur gryphus","NT"
68,"Aulacomya atra","LC"
68,"Charadrius modestus","LC"
68,"Chloephaga hybrida","VU"
68,"Chloephaga rubidiceps","EN"
68,"Coscoroba coscoroba","LC"
68,"Cygnus melancoryphus","LC"
68,"Diomedea exulans","VU"
68,"Durvillaea antarctica","LC"
68,"Falco peregrinus","LC"
68,"Geranoaetus melanoleucus","LC"
68,"Grampus griseus","VU"
68,"Haematopus palliatus","NT"
68,"Leucophaeus pipixcan","LC"
68,"Macronectes giganteus","VU"
68,"Mirounga leonina","LC"
68,"Mulinia edulis","VU"
68,"Mytilus chilensis","NT"
68,"Numenius phaeopus","LC"
68,"Otaria byronia","LC"
68,"Phoenicopterus chilensis","NT"
68,"Pluvianellus socialis","EN"
68,"Speculanas specularis","NT"
68,"Sprattus fuegensis","VU"
68,"Tachyeres patachonicus","LC"
68,"Tachyeres pteneres","NT"
68,"Thalassarche melanophris","LC"
68,"Tringa flavipes","LC"
69,"Aulacomya atra","LC"
69,"Beryx splendens","CR"
69,"Charadrius collaris","NT"
69,"Charadrius modestus","LC"
69,"Charadrius nivosus","VU"
69,"Chroicocephalus serranus","LC"
69,"Coscoroba coscoroba","LC"
69,"Cygnus melancoryphus","LC"
69,"Diomedea epomophora","VU"
69,"Diomedea exulans","VU"
69,"Diomedea sanfordi","EN"
69,"Eleginops maclovinus","LC"
69,"Ensis macha","VU"
69,"Falco peregrinus","LC"
69,"Geranoaetus melanoleucus","LC"
69,"Grimothea johni","VU"
69,"Grimothea monodon","VU"
69,"Haematopus palliatus","NT"
69,"Heterocarpus reedi","VU"
69,"Heteronetta atricapilla","LC"
69,"Ixobrychus involucris","LC"
69,"Larosterna inca","NT"
69,"Leucocarbo bougainvillii","NT"
69,"Leucophaeus modestus","VU"
69,"Leucophaeus pipixcan","LC"
69,"Lontra felina","EN"
69,"Loxechinus albus","VU"
69,"Macronectes giganteus","VU"
69,"Mytilus chilensis","NT"
69,"Numenius phaeopus","LC"
69,"Oceanodroma markhami","EN"
69,"Otaria byronia","LC"
69,"Pelecanoides garnotii","EN"
69,"Pelecanus thagus","NT"
69,"Phalacrocorax gaimardi","NT"
69,"Phoebastria irrorata","CR"
69,"Physeter macrocephalus","VU"
69,"Plegadis chihi","NT"
69,"Pterodroma defilippiana","VU"
69,"Puffinus creatopus","EN"
69,"Puffinus griseus","NT"
69,"Spheniscus humboldti","VU"
69,"Sula variegata","LC"
69,"Thalassarche bulleri","NT"
69,"Thalassarche cauta","NT"
69,"Thalassarche eremita","VU"
69,"Thalassarche melanophris","LC"
69,"Thalassarche salvini","VU"
69,"Thalasseus elegans","NT"
69,"Tringa flavipes","LC"
70,"Ameghinomya antiqua","NT"
70,"Aulacomya atra","LC"
70,"Charadrius collaris","NT"
70,"Charadrius modestus","LC"
70,"Chloephaga hybrida","VU"
70,"Coscoroba coscoroba","LC"
70,"Cygnus melancoryphus","LC"
70,"Desmophyllum dianthus","NT"
70,"Diomedea epomophora","VU"
70,"Diomedea exulans","VU"
70,"Eleginops maclovinus","LC"
70,"Ensis macha","VU"
70,"Falco peregrinus","LC"
70,"Geranoaetus melanoleucus","LC"
70,"Haematopus palliatus","NT"
70,"Lagenorhynchus australis","LC"
70,"Lagenorhynchus obscurus","LC"
70,"Larosterna inca","NT"
70,"Leucocarbo bougainvillii","NT"
70,"Leucophaeus modestus","VU"
70,"Leucophaeus pipixcan","LC"
70,"Loxechinus albus","VU"
70,"Macronectes giganteus","VU"
70,"Mesodesma donacium","EN"
70,"Mytilus chilensis","NT"
70,"Numenius phaeopus","LC"
70,"Ostrea chilensis","LC"
70,"Otaria byronia","LC"
70,"Pelecanus thagus","NT"
70,"Phalacrocorax gaimardi","NT"
70,"Phoenicopterus chilensis","NT"
70,"Plegadis chihi","NT"
70,"Puffinus creatopus","EN"
70,"Puffinus griseus","NT"
70,"Spheniscus humboldti","VU"
70,"Sula variegata","LC"
70,"Tachyeres patachonicus","LC"
70,"Tachyeres pteneres","NT"
70,"Tagelus dombeii","EN"
70,"Tawera elliptica","EN"
70,"Thalassarche melanophris","LC"
70,"Thalassarche salvini","VU"
70,"Thalasseus elegans","NT"
70,"Tringa flavipes","LC"
70,"Vultur gryphus","NT"
71,"Cygnus melancoryphus","LC"
71,"Geranoaetus melanoleucus","LC"
71,"Pelecanus thagus","NT"
71,"Phoenicopterus chilensis","NT"
72,"Ameghinomya antiqua","NT"
72,"Arctocephalus tropicalis","LC"
72,"Argopecten purpuratus","LC"
72,"Aulacomya atra","LC"
72,"Balaenoptera borealis","EN"
72,"Charadrius modestus","LC"
72,"Chloephaga hybrida","VU"
72,"Chloephaga rubidiceps","EN"
72,"Coscoroba coscoroba","LC"
72,"Cygnus melancoryphus","LC"
72,"Desmophyllum dianthus","NT"
72,"Diomedea epomophora","VU"
72,"Diomedea exulans","VU"
72,"Durvillaea antarctica","LC"
72,"Eleginops maclovinus","LC"
72,"Ensis macha","VU"
72,"Errina antarctica","VU"
72,"Falco peregrinus","LC"
72,"Genypterus blacodes","EN"
72,"Geranoaetus melanoleucus","LC"
72,"Haematopus palliatus","NT"
72,"Heteronetta atricapilla","LC"
72,"Lagenorhynchus australis","LC"
72,"Lagenorhynchus obscurus","LC"
72,"Leucophaeus pipixcan","LC"
72,"Lithodes santolla","VU"
72,"Loxechinus albus","VU"
72,"Macronectes giganteus","VU"
72,"Megaptera novaeangliae","VU"
72,"Mirounga leonina","LC"
72,"Mulinia edulis","VU"
72,"Mytilus chilensis","NT"
72,"Numenius phaeopus","LC"
72,"Otaria byronia","LC"
72,"Phoenicopterus chilensis","NT"
72,"Pluvianellus socialis","EN"
72,"Pterodroma longirostris","EN"
72,"Puffinus griseus","NT"
72,"Speculanas specularis","NT"
72,"Sprattus fuegensis","VU"
72,"Tachyeres patachonicus","LC"
72,"Tachyeres pteneres","NT"
72,"Tawera elliptica","EN"
72,"Thalassarche chrysostoma","VU"
72,"Thalassarche melanophris","LC"
72,"Thalassarche salvini","VU"
72,"Tringa flavipes","LC"
72,"Vultur gryphus","NT"
73,"Charadrius nivosus","VU"
73,"Cygnus melancoryphus","LC"
73,"Haematopus palliatus","NT"
73,"Lagenorhynchus australis","LC"
73,"Leucophaeus modestus","VU"
73,"Leucophaeus pipixcan","LC"
73,"Macronectes giganteus","VU"
73,"Numenius phaeopus","LC"
73,"Pelecanus thagus","NT"
73,"Phalacrocorax gaimardi","NT"
73,"Plegadis chihi","NT"
73,"Tachyeres patachonicus","LC"
73,"Tachyeres pteneres","NT"
73,"Thalassarche melanophris","LC"
73,"Tringa flavipes","LC"
74,"Ameghinomya antiqua","NT"
74,"Diomedea epomophora","VU"
74,"Durvillaea antarctica","LC"
74,"Haematopus palliatus","NT"
74,"Leucophaeus pipixcan","LC"
74,"Loxechinus albus","VU"
74,"Numenius phaeopus","LC"
74,"Puffinus griseus","NT"
74,"Sarcopeltis skottsbergii","VU"
74,"Spheniscus humboldti","VU"
75,"Charadrius modestus","LC"
75,"Chloephaga hybrida","VU"
75,"Cygnus melancoryphus","LC"
75,"Haematopus palliatus","NT"
75,"Lagenorhynchus australis","LC"
75,"Leucophaeus pipixcan","LC"
75,"Macronectes giganteus","VU"
75,"Mytilus chilensis","NT"
75,"Numenius phaeopus","LC"
75,"Pelecanus thagus","NT"
75,"Phalacrocorax gaimardi","NT"
75,"Phoenicopterus chilensis","NT"
75,"Puffinus creatopus","EN"
75,"Puffinus griseus","NT"
75,"Speculanas specularis","NT"
75,"Spheniscus humboldti","VU"
75,"Sula variegata","LC"
75,"Tachyeres pteneres","NT"
75,"Tagelus dombeii","EN"
75,"Thalassarche melanophris","LC"
75,"Tringa flavipes","LC"
76,"Arctocephalus tropicalis","LC"
76,"Balaenoptera borealis","EN"
76,"Charadrius collaris","NT"
76,"Charadrius modestus","LC"
76,"Chloephaga hybrida","VU"
76,"Coscoroba coscoroba","LC"
76,"Cygnus melancoryphus","LC"
76,"Desmophyllum dianthus","NT"
76,"Diomedea epomophora","VU"
76,"Diomedea exulans","VU"
76,"Errina antarctica","VU"
76,"Eubalaena australis","EN"
76,"Falco peregrinus","LC"
76,"Haematopus palliatus","NT"
76,"Lagenorhynchus australis","LC"
76,"Leucophaeus modestus","VU"
76,"Leucophaeus pipixcan","LC"
76,"Lontra felina","EN"
76,"Loxechinus albus","VU"
76,"Macronectes giganteus","VU"
76,"Megaptera novaeangliae","VU"
76,"Mirounga leonina","LC"
76,"Mytilus chilensis","NT"
76,"Numenius phaeopus","LC"
76,"Orcinus orca","LC"
76,"Otaria byronia","LC"
76,"Pelecanus thagus","NT"
76,"Phalacrocorax gaimardi","NT"
76,"Phoenicopterus chilensis","NT"
76,"Puffinus creatopus","EN"
76,"Puffinus griseus","NT"
76,"Speculanas specularis","NT"
76,"Spheniscus humboldti","VU"
76,"Sprattus fuegensis","VU"
76,"Tachyeres patachonicus","LC"
76,"Tachyeres pteneres","NT"
76,"Tawera elliptica","EN"
76,"Thalassarche melanophris","LC"
76,"Thalassarche salvini","VU"
76,"Tringa flavipes","LC"
76,"Tursiops truncatus","LC"
77,"Charadrius modestus","LC"
77,"Chloephaga hybrida","VU"
77,"Coscoroba coscoroba","LC"
77,"Cygnus melancoryphus","LC"
77,"Falco peregrinus","LC"
77,"Haematopus palliatus","NT"
77,"Lagenorhynchus australis","LC"
77,"Leucophaeus pipixcan","LC"
77,"Macronectes giganteus","VU"
77,"Numenius phaeopus","LC"
77,"Pelecanus thagus","NT"
77,"Phalacrocorax gaimardi","NT"
77,"Phoenicopterus chilensis","NT"
77,"Puffinus creatopus","EN"
77,"Puffinus griseus","NT"
77,"Speculanas specularis","NT"
77,"Spheniscus humboldti","VU"
77,"Sula variegata","LC"
77,"Tachyeres patachonicus","LC"
77,"Tachyeres pteneres","NT"
77,"Tagelus dombeii","EN"
77,"Thalassarche melanophris","LC"
77,"Thalasseus elegans","NT"
77,"Tringa flavipes","LC"
78,"Ameghinomya antiqua","NT"
78,"Aulacomya atra","LC"
78,"Charadrius collaris","NT"
78,"Charadrius modestus","LC"
78,"Charadrius nivosus","VU"
78,"Cygnus melancoryphus","LC"
78,"Falco peregrinus","LC"
78,"Genypterus blacodes","EN"
78,"Haematopus palliatus","NT"
78,"Lagenorhynchus australis","LC"
78,"Leucophaeus pipixcan","LC"
78,"Macronectes giganteus","VU"
78,"Macruronus magellanicus","CR"
78,"Mytilus chilensis","NT"
78,"Numenius phaeopus","LC"
78,"Pelecanus thagus","NT"
78,"Phoenicopterus chilensis","NT"
78,"Puffinus creatopus","EN"
78,"Puffinus griseus","NT"
78,"Speculanas specularis","NT"
78,"Tachyeres patachonicus","LC"
78,"Tachyeres pteneres","NT"
78,"Tawera elliptica","EN"
78,"Thalassarche melanophris","LC"
79,"Aulacomya atra","LC"
79,"Charadrius collaris","NT"
79,"Charadrius modestus","LC"
79,"Charadrius nivosus","VU"
79,"Chroicocephalus serranus","LC"
79,"Coscoroba coscoroba","LC"
79,"Cygnus melancoryphus","LC"
79,"Diomedea epomophora","VU"
79,"Diomedea sanfordi","EN"
79,"Falco peregrinus","LC"
79,"Geranoaetus melanoleucus","LC"
79,"Grampus griseus","VU"
79,"Haematopus palliatus","NT"
79,"Heteronetta atricapilla","LC"
79,"Ixobrychus involucris","LC"
79,"Larosterna inca","NT"
79,"Laterallus jamaicensis","NT"
79,"Leucocarbo bougainvillii","NT"
79,"Leucophaeus modestus","VU"
79,"Leucophaeus pipixcan","LC"
79,"Lontra felina","EN"
79,"Macronectes giganteus","VU"
79,"Numenius phaeopus","LC"
79,"Otaria byronia","LC"
79,"Pelecanoides garnotii","EN"
79,"Pelecanus thagus","NT"
79,"Phalacrocorax gaimardi","NT"
79,"Plegadis chihi","NT"
79,"Pterodroma defilippiana","VU"
79,"Puffinus creatopus","EN"
79,"Puffinus griseus","NT"
79,"Spheniscus humboldti","VU"
79,"Sula variegata","LC"
79,"Thalassarche bulleri","NT"
79,"Thalassarche melanophris","LC"
79,"Thalassarche salvini","VU"
79,"Thalasseus elegans","NT"
79,"Tringa flavipes","LC"
79,"Zearaja chilensis","EN"
80,"Cygnus melancoryphus","LC"
80,"Diomedea exulans","VU"
80,"Eubalaena australis","EN"
80,"Haematopus palliatus","NT"
80,"Lagenorhynchus australis","LC"
80,"Leucophaeus pipixcan","LC"
80,"Macronectes giganteus","VU"
80,"Numenius phaeopus","LC"
80,"Pelecanus thagus","NT"
80,"Phalacrocorax gaimardi","NT"
80,"Puffinus creatopus","EN"
80,"Puffinus griseus","NT"
80,"Thalassarche melanophris","LC"
81,"Ameghinomya antiqua","NT"
81,"Aulacomya atra","LC"
81,"Charadrius modestus","LC"
81,"Chloephaga hybrida","VU"
81,"Chloephaga rubidiceps","EN"
81,"Coscoroba coscoroba","LC"
81,"Cygnus melancoryphus","LC"
81,"Desmophyllum dianthus","NT"
81,"Diomedea exulans","VU"
81,"Eleginops maclovinus","LC"
81,"Falco peregrinus","LC"
81,"Geranoaetus melanoleucus","LC"
81,"Lagenorhynchus australis","LC"
81,"Lagenorhynchus obscurus","LC"
81,"Loxechinus albus","VU"
81,"Macronectes giganteus","VU"
81,"Mirounga leonina","LC"
81,"Mytilus chilensis","NT"
81,"Otaria byronia","LC"
81,"Phoenicopterus chilensis","NT"
81,"Puffinus griseus","NT"
81,"Speculanas specularis","NT"
81,"Tachyeres patachonicus","LC"
81,"Tachyeres pteneres","NT"
81,"Tawera elliptica","EN"
81,"Thalassarche chrysostoma","VU"
81,"Thalassarche melanophris","LC"
81,"Thalassarche salvini","VU"
81,"Vultur gryphus","NT"
82,"Charadrius collaris","NT"
82,"Charadrius modestus","LC"
82,"Charadrius nivosus","VU"
82,"Chroicocephalus serranus","LC"
82,"Coscoroba coscoroba","LC"
82,"Cygnus melancoryphus","LC"
82,"Diomedea epomophora","VU"
82,"Falco peregrinus","LC"
82,"Geranoaetus melanoleucus","LC"
82,"Haematopus palliatus","NT"
82,"Ixobrychus involucris","LC"
82,"Larosterna inca","NT"
82,"Laterallus jamaicensis","NT"
82,"Leucocarbo bougainvillii","NT"
82,"Leucophaeus modestus","VU"
82,"Leucophaeus pipixcan","LC"
82,"Macronectes giganteus","VU"
82,"Numenius phaeopus","LC"
82,"Otaria byronia","LC"
82,"Pelecanus thagus","NT"
82,"Phalacrocorax gaimardi","NT"
82,"Phoenicopterus chilensis","NT"
82,"Plegadis chihi","NT"
82,"Puffinus creatopus","EN"
82,"Puffinus griseus","NT"
82,"Speculanas specularis","NT"
82,"Sula variegata","LC"
82,"Thalassarche chrysostoma","VU"
82,"Thalassarche melanophris","LC"
82,"Thalassarche salvini","VU"
82,"Thalasseus elegans","NT"
82,"Tringa flavipes","LC"
83,"Charadrius collaris","NT"
83,"Charadrius modestus","LC"
83,"Charadrius nivosus","VU"
83,"Chroicocephalus serranus","LC"
83,"Coscoroba coscoroba","LC"
83,"Cygnus melancoryphus","LC"
83,"Diomedea epomophora","VU"
83,"Diomedea exulans","VU"
83,"Falco peregrinus","LC"
83,"Geranoaetus melanoleucus","LC"
83,"Haematopus palliatus","NT"
83,"Heteronetta atricapilla","LC"
83,"Ixobrychus involucris","LC"
83,"Larosterna inca","NT"
83,"Leucocarbo bougainvillii","NT"
83,"Leucophaeus modestus","VU"
83,"Leucophaeus pipixcan","LC"
83,"Macronectes giganteus","VU"
83,"Mirounga leonina","LC"
83,"Numenius phaeopus","LC"
83,"Otaria byronia","LC"
83,"Pelecanoides garnotii","EN"
83,"Pelecanus thagus","NT"
83,"Phalacrocorax gaimardi","NT"
83,"Plegadis chihi","NT"
83,"Pterodroma defilippiana","VU"
83,"Puffinus creatopus","EN"
83,"Puffinus griseus","NT"
83,"Spheniscus humboldti","VU"
83,"Sula variegata","LC"
83,"Thalassarche bulleri","NT"
83,"Thalassarche eremita","VU"
83,"Thalassarche melanophris","LC"
83,"Thalassarche salvini","VU"
83,"Thalasseus elegans","NT"
83,"Tringa flavipes","LC"
84,"Balaenoptera borealis","EN"
84,"Charadrius modestus","LC"
84,"Chloephaga hybrida","VU"
84,"Chloephaga rubidiceps","EN"
84,"Coscoroba coscoroba","LC"
84,"Cygnus melancoryphus","LC"
84,"Diomedea epomophora","VU"
84,"Diomedea exulans","VU"
84,"Falco peregrinus","LC"
84,"Geranoaetus melanoleucus","LC"
84,"Grampus griseus","VU"
84,"Haematopus palliatus","NT"
84,"Lagenorhynchus obscurus","LC"
84,"Leucophaeus pipixcan","LC"
84,"Macronectes giganteus","VU"
84,"Mirounga leonina","LC"
84,"Mytilus chilensis","NT"
84,"Numenius phaeopus","LC"
84,"Otaria byronia","LC"
84,"Phoenicopterus chilensis","NT"
84,"Pluvianellus socialis","EN"
84,"Puffinus griseus","NT"
84,"Speculanas specularis","NT"
84,"Tachyeres patachonicus","LC"
84,"Tachyeres pteneres","NT"
84,"Thalassarche melanophris","LC"
84,"Tringa flavipes","LC"
84,"Vultur gryphus","NT"
85,"Charadrius collaris","NT"
85,"Charadrius modestus","LC"
85,"Cygnus melancoryphus","LC"
85,"Diomedea exulans","VU"
85,"Eleginops maclovinus","LC"
85,"Falco peregrinus","LC"
85,"Haematopus palliatus","NT"
85,"Leucophaeus pipixcan","LC"
85,"Lontra felina","EN"
85,"Loxechinus albus","VU"
85,"Macronectes giganteus","VU"
85,"Numenius phaeopus","LC"
85,"Pelecanus thagus","NT"
85,"Phalacrocorax gaimardi","NT"
85,"Puffinus creatopus","EN"
85,"Puffinus griseus","NT"
85,"Spheniscus humboldti","VU"
85,"Sula variegata","LC"
85,"Thalassarche melanophris","LC"
85,"Thalassarche salvini","VU"
85,"Thalasseus elegans","NT"
85,"Tringa flavipes","LC"
86,"Charadrius collaris","NT"
86,"Charadrius modestus","LC"
86,"Cygnus melancoryphus","LC"
86,"Diomedea epomophora","VU"
86,"Haematopus palliatus","NT"
86,"Larosterna inca","NT"
86,"Leucocarbo bougainvillii","NT"
86,"Leucophaeus modestus","VU"
86,"Numenius phaeopus","LC"
86,"Pelecanus thagus","NT"
86,"Phalacrocorax gaimardi","NT"
86,"Plegadis chihi","NT"
86,"Pterodroma defilippiana","VU"
86,"Puffinus griseus","NT"
86,"Sula variegata","LC"
86,"Thalassarche melanophris","LC"
87,"Charadrius collaris","NT"
87,"Charadrius modestus","LC"
87,"Charadrius nivosus","VU"
87,"Chroicocephalus serranus","LC"
87,"Coscoroba coscoroba","LC"
87,"Cygnus melancoryphus","LC"
87,"Diomedea epomophora","VU"
87,"Diomedea sanfordi","EN"
87,"Epigonus crassicaudus","CR"
87,"Falco peregrinus","LC"
87,"Geranoaetus melanoleucus","LC"
87,"Grampus griseus","VU"
87,"Haematopus palliatus","NT"
87,"Heteronetta atricapilla","LC"
87,"Ixobrychus involucris","LC"
87,"Larosterna inca","NT"
87,"Laterallus jamaicensis","NT"
87,"Leucocarbo bougainvillii","NT"
87,"Leucophaeus modestus","VU"
87,"Leucophaeus pipixcan","LC"
87,"Macronectes giganteus","VU"
87,"Mulinia edulis","VU"
87,"Numenius phaeopus","LC"
87,"Pandion haliaetus","LC"
87,"Pelecanoides garnotii","EN"
87,"Pelecanus thagus","NT"
87,"Phalacrocorax gaimardi","NT"
87,"Phoenicopterus chilensis","NT"
87,"Plegadis chihi","NT"
87,"Puffinus creatopus","EN"
87,"Puffinus griseus","NT"
87,"Spheniscus humboldti","VU"
87,"Sula variegata","LC"
87,"Thalassarche bulleri","NT"
87,"Thalassarche melanophris","LC"
87,"Thalassarche salvini","VU"
87,"Thalasseus elegans","NT"
87,"Tringa flavipes","LC"
88,"Argopecten purpuratus","LC"
88,"Basilichthys australis","VU"
88,"Brama australis","EN"
88,"Charadrius collaris","NT"
88,"Charadrius modestus","LC"
88,"Chroicocephalus serranus","LC"
88,"Coscoroba coscoroba","LC"
88,"Cygnus melancoryphus","LC"
88,"Diomedea sanfordi","EN"
88,"Eleginops maclovinus","LC"
88,"Ensis macha","VU"
88,"Falco peregrinus","LC"
88,"Haematopus palliatus","NT"
88,"Heteronetta atricapilla","LC"
88,"Ixobrychus involucris","LC"
88,"Larosterna inca","NT"
88,"Laterallus jamaicensis","NT"
88,"Leucocarbo bougainvillii","NT"
88,"Leucophaeus modestus","VU"
88,"Leucophaeus pipixcan","LC"
88,"Lontra felina","EN"
88,"Loxechinus albus","VU"
88,"Macronectes giganteus","VU"
88,"Mulinia edulis","VU"
88,"Mytilus chilensis","NT"
88,"Numenius phaeopus","LC"
88,"Otaria byronia","LC"
88,"Pelecanoides garnotii","EN"
88,"Pelecanus thagus","NT"
88,"Phalacrocorax gaimardi","NT"
88,"Phoenicopterus chilensis","NT"
88,"Plegadis chihi","NT"
88,"Puffinus griseus","NT"
88,"Spheniscus humboldti","VU"
88,"Sula variegata","LC"
88,"Thalassarche melanophris","LC"
88,"Thalasseus elegans","NT"
88,"Tringa flavipes","LC"
89,"Charadrius nivosus","VU"
89,"Chroicocephalus serranus","LC"
89,"Delphinus delphis","LC"
89,"Dissostichus eleginoides","EN"
89,"Falco peregrinus","LC"
89,"Grampus griseus","VU"
89,"Haematopus palliatus","NT"
89,"Larosterna inca","NT"
89,"Leucocarbo bougainvillii","NT"
89,"Leucophaeus modestus","VU"
89,"Leucophaeus pipixcan","LC"
89,"Lontra felina","EN"
89,"Loxechinus albus","VU"
89,"Macronectes giganteus","VU"
89,"Numenius phaeopus","LC"
89,"Oceanodroma markhami","EN"
89,"Otaria byronia","LC"
89,"Pelecanoides garnotii","EN"
89,"Pelecanus thagus","NT"
89,"Phalacrocorax gaimardi","NT"
89,"Puffinus creatopus","EN"
89,"Puffinus griseus","NT"
89,"Spheniscus humboldti","VU"
89,"Sula variegata","LC"
89,"Thalassarche bulleri","NT"
89,"Thalassarche salvini","VU"
89,"Thalasseus elegans","NT"
90,"Basilichthys australis","VU"
90,"Charadrius collaris","NT"
90,"Coscoroba coscoroba","LC"
90,"Cygnus melancoryphus","LC"
90,"Haematopus palliatus","NT"
90,"Leucophaeus pipixcan","LC"
90,"Lontra provocax","EN"
90,"Numenius phaeopus","LC"
90,"Pelecanus thagus","NT"
90,"Puffinus griseus","NT"
90,"Thalasseus elegans","NT"
91,"Aulacomya atra","LC"
91,"Charadrius modestus","LC"
91,"Chloephaga hybrida","VU"
91,"Chloephaga rubidiceps","EN"
91,"Coscoroba coscoroba","LC"
91,"Cygnus melancoryphus","LC"
91,"Diomedea epomophora","VU"
91,"Falco peregrinus","LC"
91,"Geranoaetus melanoleucus","LC"
91,"Hydrurga leptonyx","LC"
91,"Lagenorhynchus cruciger","LC"
91,"Lithodes santolla","VU"
91,"Macronectes giganteus","VU"
91,"Mirounga leonina","LC"
91,"Mytilus chilensis","NT"
91,"Phoebetria palpebrata","VU"
91,"Phoenicopterus chilensis","NT"
91,"Puffinus griseus","NT"
91,"Speculanas specularis","NT"
91,"Tachyeres patachonicus","LC"
91,"Tachyeres pteneres","NT"
91,"Tawera elliptica","EN"
91,"Thalassarche chrysostoma","VU"
91,"Thalassarche melanophris","LC"
91,"Vultur gryphus","NT"
92,"Charadrius collaris","NT"
92,"Charadrius modestus","LC"
92,"Charadrius nivosus","VU"
92,"Coscoroba coscoroba","LC"
92,"Cygnus melancoryphus","LC"
92,"Diomedea epomophora","VU"
92,"Eubalaena australis","EN"
92,"Falco peregrinus","LC"
92,"Haematopus palliatus","NT"
92,"Lagenorhynchus australis","LC"
92,"Leucocarbo bougainvillii","NT"
92,"Leucophaeus modestus","VU"
92,"Leucophaeus pipixcan","LC"
92,"Macronectes giganteus","VU"
92,"Numenius phaeopus","LC"
92,"Pelecanus thagus","NT"
92,"Phalacrocorax gaimardi","NT"
92,"Pterodroma longirostris","EN"
92,"Puffinus creatopus","EN"
92,"Puffinus griseus","NT"
92,"Spheniscus humboldti","VU"
92,"Sula variegata","LC"
92,"Thalassarche bulleri","NT"
92,"Thalassarche melanophris","LC"
92,"Thalasseus elegans","NT"
92,"Tringa flavipes","LC"
93,"Argopecten purpuratus","LC"
93,"Charadrius nivosus","VU"
93,"Chroicocephalus serranus","LC"
93,"Falco peregrinus","LC"
93,"Grampus griseus","VU"
93,"Haematopus palliatus","NT"
93,"Larosterna inca","NT"
93,"Leucocarbo bougainvillii","NT"
93,"Leucophaeus modestus","VU"
93,"Leucophaeus pipixcan","LC"
93,"Macronectes giganteus","VU"
93,"Mirounga leonina","LC"
93,"Mytilus chilensis","NT"
93,"Numenius phaeopus","LC"
93,"Otaria byronia","LC"
93,"Pandion haliaetus","LC"
93,"Pelecanus thagus","NT"
93,"Phalacrocorax gaimardi","NT"
93,"Puffinus griseus","NT"
93,"Spheniscus humboldti","VU"
93,"Sternula lorata","EN"
93,"Sula variegata","LC"
93,"Tawera elliptica","EN"
93,"Thalasseus elegans","NT"
93,"Tringa flavipes","LC"
94,"Charadrius collaris","NT"
94,"Charadrius modestus","LC"
94,"Cygnus melancoryphus","LC"
94,"Eleginops maclovinus","LC"
94,"Haematopus palliatus","NT"
94,"Leucocarbo bougainvillii","NT"
94,"Leucophaeus modestus","VU"
94,"Leucophaeus pipixcan","LC"
94,"Macronectes giganteus","VU"
94,"Numenius phaeopus","LC"
94,"Pelecanus thagus","NT"
94,"Phalacrocorax gaimardi","NT"
94,"Plegadis chihi","NT"
94,"Puffinus creatopus","EN"
94,"Puffinus griseus","NT"
94,"Speculanas specularis","NT"
94,"Sula variegata","LC"
94,"Thalassarche melanophris","LC"
94,"Thalasseus elegans","NT"
94,"Tringa flavipes","LC"
95,"Ameghinomya antiqua","NT"
95,"Argopecten purpuratus","LC"
95,"Aulacomya atra","LC"
95,"Balaenoptera borealis","EN"
95,"Basilichthys australis","VU"
95,"Brama australis","EN"
95,"Charadrius collaris","NT"
95,"Charadrius modestus","LC"
95,"Coscoroba coscoroba","LC"
95,"Cygnus melancoryphus","LC"
95,"Diomedea epomophora","VU"
95,"Durvillaea antarctica","LC"
95,"Eleginops maclovinus","LC"
95,"Ensis macha","VU"
95,"Genypterus blacodes","EN"
95,"Grampus griseus","VU"
95,"Haematopus palliatus","NT"
95,"Leucocarbo bougainvillii","NT"
95,"Leucophaeus modestus","VU"
95,"Leucophaeus pipixcan","LC"
95,"Lobodon carcinophaga","LC"
95,"Lontra felina","EN"
95,"Loxechinus albus","VU"
95,"Macronectes giganteus","VU"
95,"Mugil cephalus","LC"
95,"Mytilus chilensis","NT"
95,"Numenius phaeopus","LC"
95,"Otaria byronia","LC"
95,"Pelecanus thagus","NT"
95,"Phalacrocorax gaimardi","NT"
95,"Puffinus creatopus","EN"
95,"Puffinus griseus","NT"
95,"Strangomera bentincki","EN"
95,"Sula variegata","LC"
95,"Tagelus dombeii","EN"
95,"Thalasseus elegans","NT"
95,"Tringa flavipes","LC"
96,"Chloephaga hybrida","VU"
96,"Coscoroba coscoroba","LC"
96,"Cygnus melancoryphus","LC"
96,"Geranoaetus melanoleucus","LC"
96,"Macronectes giganteus","VU"
96,"Otaria byronia","LC"
96,"Phoenicopterus chilensis","NT"
96,"Speculanas specularis","NT"
96,"Tachyeres patachonicus","LC"
96,"Tachyeres pteneres","NT"
96,"Vultur gryphus","NT"
97,"Aulacomya atra","LC"
97,"Charadrius modestus","LC"
97,"Chloephaga hybrida","VU"
97,"Cygnus melancoryphus","LC"
97,"Desmophyllum dianthus","NT"
97,"Diomedea epomophora","VU"
97,"Diomedea exulans","VU"
97,"Durvillaea antarctica","LC"
97,"Eleginops maclovinus","LC"
97,"Errina antarctica","VU"
97,"Falco peregrinus","LC"
97,"Geranoaetus melanoleucus","LC"
97,"Hydrurga leptonyx","LC"
97,"Lagenorhynchus australis","LC"
97,"Leucophaeus pipixcan","LC"
97,"Lontra provocax","EN"
97,"Macronectes giganteus","VU"
97,"Megaptera novaeangliae","VU"
97,"Otaria byronia","LC"
97,"Puffinus creatopus","EN"
97,"Puffinus griseus","NT"
97,"Sarcopeltis skottsbergii","VU"
97,"Speculanas specularis","NT"
97,"Tachyeres patachonicus","LC"
97,"Tachyeres pteneres","NT"
97,"Thalassarche bulleri","NT"
97,"Thalassarche chrysostoma","VU"
97,"Thalassarche melanophris","LC"
97,"Vultur gryphus","NT"
98,"Charadrius collaris","NT"
98,"Charadrius modestus","LC"
98,"Charadrius nivosus","VU"
98,"Chroicocephalus serranus","LC"
98,"Coscoroba coscoroba","LC"
98,"Cygnus melancoryphus","LC"
98,"Falco peregrinus","LC"
98,"Haematopus palliatus","NT"
98,"Larosterna inca","NT"
98,"Leucocarbo bougainvillii","NT"
98,"Leucophaeus modestus","VU"
98,"Leucophaeus pipixcan","LC"
98,"Macronectes giganteus","VU"
98,"Numenius phaeopus","LC"
98,"Pelecanus thagus","NT"
98,"Phalacrocorax gaimardi","NT"
98,"Phoenicopterus chilensis","NT"
98,"Plegadis chihi","NT"
98,"Puffinus creatopus","EN"
98,"Puffinus griseus","NT"
98,"Speculanas specularis","NT"
98,"Sula variegata","LC"
98,"Thalassarche melanophris","LC"
98,"Thalasseus elegans","NT"
98,"Tringa flavipes","LC"
99,"Ameghinomya antiqua","NT"
99,"Aulacomya atra","LC"
99,"Charadrius collaris","NT"
99,"Charadrius modestus","LC"
99,"Charadrius nivosus","VU"
99,"Chloephaga hybrida","VU"
99,"Coscoroba coscoroba","LC"
99,"Cygnus melancoryphus","LC"
99,"Diomedea epomophora","VU"
99,"Durvillaea antarctica","LC"
99,"Ensis macha","VU"
99,"Falco peregrinus","LC"
99,"Haematopus palliatus","NT"
99,"Larosterna inca","NT"
99,"Leucocarbo bougainvillii","NT"
99,"Leucophaeus modestus","VU"
99,"Leucophaeus pipixcan","LC"
99,"Lontra felina","EN"
99,"Loxechinus albus","VU"
99,"Macronectes giganteus","VU"
99,"Macruronus magellanicus","CR"
99,"Mytilus chilensis","NT"
99,"Numenius phaeopus","LC"
99,"Otaria byronia","LC"
99,"Pandion haliaetus","LC"
99,"Pelecanus thagus","NT"
99,"Phalacrocorax gaimardi","NT"
99,"Plegadis chihi","NT"
99,"Puffinus creatopus","EN"
99,"Puffinus griseus","NT"
99,"Speculanas specularis","NT"
99,"Spheniscus humboldti","VU"
99,"Sula variegata","LC"
99,"Tagelus dombeii","EN"
99,"Thalassarche melanophris","LC"
99,"Thalassarche salvini","VU"
99,"Thalasseus elegans","NT"
100,"Aulacomya atra","LC"
100,"Charadrius collaris","NT"
100,"Chroicocephalus serranus","LC"
100,"Coscoroba coscoroba","LC"
100,"Cygnus melancoryphus","LC"
100,"Diomedea epomophora","VU"
100,"Diomedea exulans","VU"
100,"Diomedea sanfordi","EN"
100,"Engraulis ringens","VU"
100,"Epigonus crassicaudus","CR"
100,"Falco peregrinus","LC"
100,"Geranoaetus melanoleucus","LC"
100,"Haematopus palliatus","NT"
100,"Lagenorhynchus obscurus","LC"
100,"Larosterna inca","NT"
100,"Leucocarbo bougainvillii","NT"
100,"Leucophaeus modestus","VU"
100,"Leucophaeus pipixcan","LC"
100,"Lontra felina","EN"
100,"Loxechinus albus","VU"
100,"Macronectes giganteus","VU"
100,"Mesodesma donacium","EN"
100,"Mytilus chilensis","NT"
100,"Numenius phaeopus","LC"
100,"Oceanodroma markhami","EN"
100,"Otaria byronia","LC"
100,"Pelecanoides garnotii","EN"
100,"Pelecanus thagus","NT"
100,"Phalacrocorax gaimardi","NT"
100,"Pterodroma defilippiana","VU"
100,"Puffinus creatopus","EN"
100,"Puffinus griseus","NT"
100,"Spheniscus humboldti","VU"
100,"Sprattus fuegensis","VU"
100,"Sula variegata","LC"
100,"Thalassarche bulleri","NT"
100,"Thalassarche eremita","VU"
100,"Thalassarche melanophris","LC"
100,"Thalassarche salvini","VU"
100,"Thalasseus elegans","NT"
101,"Charadrius collaris","NT"
101,"Charadrius modestus","LC"
101,"Charadrius nivosus","VU"
101,"Chroicocephalus serranus","LC"
101,"Coscoroba coscoroba","LC"
101,"Cygnus melancoryphus","LC"
101,"Falco peregrinus","LC"
101,"Haematopus palliatus","NT"
101,"Larosterna inca","NT"
101,"Leucocarbo bougainvillii","NT"
101,"Leucophaeus modestus","VU"
101,"Leucophaeus pipixcan","LC"
101,"Macronectes giganteus","VU"
101,"Numenius phaeopus","LC"
101,"Pelecanus thagus","NT"
101,"Phalacrocorax gaimardi","NT"
101,"Phoenicopterus chilensis","NT"
101,"Plegadis chihi","NT"
101,"Puffinus griseus","NT"
101,"Spheniscus humboldti","VU"
101,"Sula variegata","LC"
101,"Thalassarche bulleri","NT"
101,"Thalassarche melanophris","LC"
101,"Thalassarche salvini","VU"
101,"Thalasseus elegans","NT"
101,"Tringa flavipes","LC"
102,"Argopecten purpuratus","LC"
102,"Charadrius collaris","NT"
102,"Charadrius modestus","LC"
102,"Charadrius nivosus","VU"
102,"Chroicocephalus serranus","LC"
102,"Coscoroba coscoroba","LC"
102,"Cygnus melancoryphus","LC"
102,"Diomedea epomophora","VU"
102,"Diomedea exulans","VU"
102,"Diomedea sanfordi","EN"
102,"Dosidicus gigas","EN"
102,"Engraulis ringens","VU"
102,"Epigonus crassicaudus","CR"
102,"Falco peregrinus","LC"
102,"Genypterus blacodes","EN"
102,"Geranoaetus melanoleucus","LC"
102,"Grampus griseus","VU"
102,"Haematopus palliatus","NT"
102,"Heterocarpus reedi","VU"
102,"Ixobrychus involucris","LC"
102,"Larosterna inca","NT"
102,"Leucocarbo bougainvillii","NT"
102,"Leucophaeus modestus","VU"
102,"Leucophaeus pipixcan","LC"
102,"Lontra felina","EN"
102,"Loxechinus albus","VU"
102,"Macronectes giganteus","VU"
102,"Mesodesma donacium","EN"
102,"Mytilus chilensis","NT"
102,"Numenius phaeopus","LC"
102,"Otaria byronia","LC"
102,"Pelecanoides garnotii","EN"
102,"Pelecanus thagus","NT"
102,"Phalacrocorax gaimardi","NT"
102,"Phoebastria irrorata","CR"
102,"Pterodroma defilippiana","VU"
102,"Puffinus creatopus","EN"
102,"Puffinus griseus","NT"
102,"Spheniscus humboldti","VU"
102,"Sula variegata","LC"
102,"Thalassarche bulleri","NT"
102,"Thalassarche cauta","NT"
102,"Thalassarche chrysostoma","VU"
102,"Thalassarche eremita","VU"
102,"Thalassarche melanophris","LC"
102,"Thalassarche salvini","VU"
102,"Thalasseus elegans","NT"
102,"Tringa flavipes","LC"
102,"Xiphias gladius","VU"
102,"Zearaja chilensis","EN"
103,"Charadrius collaris","NT"
103,"Charadrius modestus","LC"
103,"Charadrius nivosus","VU"
103,"Chroicocephalus serranus","LC"
103,"Coscoroba coscoroba","LC"
103,"Cygnus melancoryphus","LC"
103,"Delphinus delphis","LC"
103,"Falco peregrinus","LC"
103,"Geranoaetus melanoleucus","LC"
103,"Grimothea johni","VU"
103,"Grimothea monodon","VU"
103,"Haematopus palliatus","NT"
103,"Heterocarpus reedi","VU"
103,"Heteronetta atricapilla","LC"
103,"Larosterna inca","NT"
103,"Leucocarbo bougainvillii","NT"
103,"Leucophaeus modestus","VU"
103,"Leucophaeus pipixcan","LC"
103,"Lontra felina","EN"
103,"Macronectes giganteus","VU"
103,"Mesodesma donacium","EN"
103,"Mytilus chilensis","NT"
103,"Numenius phaeopus","LC"
103,"Otaria byronia","LC"
103,"Pelecanoides garnotii","EN"
103,"Pelecanus thagus","NT"
103,"Phalacrocorax gaimardi","NT"
103,"Plegadis chihi","NT"
103,"Puffinus creatopus","EN"
103,"Puffinus griseus","NT"
103,"Spheniscus humboldti","VU"
103,"Sula variegata","LC"
103,"Thalassarche melanophris","LC"
103,"Thalassarche salvini","VU"
103,"Thalasseus elegans","NT"
103,"Tringa flavipes","LC"
