"rgn_id","Sector","year","gdp_usd"
1,"Alojamiento","2017",298957.024
1,"Pesca","2017",
1,"Turismo","2017",
2,"Acuicultura","2017",23449526.8816
2,"Alojamiento","2017",2277025.7264
2,"Pesca","2017",5943149.5504
2,"Transporte","2017",
2,"Turismo","2017",
3,"Acuicultura","2017",
3,"Alojamiento","2017",9952845.5552
3,"Pesca","2017",
3,"Transporte","2017",
3,"Turismo","2017",1671829.0576
4,"Acuicultura","2017",
4,"Alojamiento","2017",2575045.784
4,"Pesca","2017",971576.1584
4,"Transporte","2017",
4,"Turismo","2017",
5,"Acuicultura","2017",
5,"Alojamiento","2017",2430790.7248
5,"Pesca","2017",15507796.9776
5,"Transporte","2017",
5,"Turismo","2017",35132557.776
6,"Acuicultura","2017",17645690.8368
6,"Alojamiento","2017",2184215.6976
6,"Pesca","2017",1227586.4912
6,"Transporte","2017",0
6,"Turismo","2017",131557.456
7,"Acuicultura","2017",
7,"Alojamiento","2017",
7,"Pesca","2017",1734439.0048
7,"Transporte","2017",
7,"Turismo","2017",
8,"Acuicultura","2017",96418961.256
8,"Alojamiento","2017",0
8,"Pesca","2017",1170295.7616
8,"Transporte","2017",2013480.9968
8,"Turismo","2017",
9,"Acuicultura","2017",3840734.976
9,"Alojamiento","2017",1360804.7696
9,"Pesca","2017",27725762.4016
9,"Transporte","2017",
9,"Turismo","2017",
11,"Alojamiento","2017",
11,"Pesca","2017",
12,"Alojamiento","2017",0
12,"Pesca","2017",
12,"Turismo","2017",
14,"Alojamiento","2017",613990.3952
14,"Pesca","2017",
14,"Transporte","2017",
14,"Turismo","2017",
15,"Alojamiento","2017",0
15,"Pesca","2017",31768.736
15,"Turismo","2017",
16,"Acuicultura","2017",37597842.2624
16,"Alojamiento","2017",1800705.9984
16,"Pesca","2017",
16,"Transporte","2017",7471849.3472
16,"Turismo","2017",0
17,"Acuicultura","2017",
17,"Alojamiento","2017",1404661.0016
17,"Pesca","2017",
17,"Transporte","2017",
17,"Turismo","2017",
19,"Alojamiento","2017",
19,"Pesca","2017",
18,"Acuicultura","2017",
18,"Alojamiento","2017",862271.6544
18,"Pesca","2017",
18,"Turismo","2017",
20,"Acuicultura","2017",384020227.1936
20,"Alojamiento","2017",459623.832
20,"Pesca","2017",
20,"Transporte","2017",
20,"Turismo","2017",
21,"Acuicultura","2017",9481275.4016
21,"Alojamiento","2017",1615072.9024
21,"Pesca","2017",0
21,"Transporte","2017",
21,"Turismo","2017",
23,"Acuicultura","2017",1608653.9632
23,"Alojamiento","2017",40919.8944
23,"Pesca","2017",
23,"Transporte","2017",
23,"Turismo","2017",
24,"Alojamiento","2017",731080.1728
24,"Pesca","2017",
24,"Turismo","2017",
25,"Acuicultura","2017",
25,"Alojamiento","2017",0
25,"Pesca","2017",
25,"Transporte","2017",
25,"Turismo","2017",
26,"Acuicultura","2017",
26,"Alojamiento","2017",1593689.4768
26,"Pesca","2017",6906931.8928
26,"Transporte","2017",
26,"Turismo","2017",
27,"Acuicultura","2017",
27,"Alojamiento","2017",8824800.0544
27,"Pesca","2017",
27,"Transporte","2017",
27,"Turismo","2017",0
28,"Acuicultura","2017",7409676.8608
28,"Alojamiento","2017",4728486.8112
28,"Pesca","2017",75146778.8352
28,"Transporte","2017",
28,"Turismo","2017",
29,"Acuicultura","2017",
29,"Alojamiento","2017",383485.8704
29,"Pesca","2017",326113633.7152
29,"Transporte","2017",
29,"Turismo","2017",
30,"Acuicultura","2017",
30,"Alojamiento","2017",88400.352
30,"Pesca","2017",225908.7136
30,"Transporte","2017",
30,"Turismo","2017",
31,"Acuicultura","2017",0
31,"Alojamiento","2017",
31,"Pesca","2017",
31,"Transporte","2017",
32,"Alojamiento","2017",
32,"Pesca","2017",
32,"Turismo","2017",
33,"Acuicultura","2017",42883063.3584
33,"Alojamiento","2017",209195.2832
33,"Pesca","2017",717766.168
33,"Transporte","2017",0
33,"Turismo","2017",
34,"El Quisco","2017",964274.6544
34,"Alojamiento","2017",964274.6544
34,"Pesca","2017",
34,"Turismo","2017",
35,"Acuicultura","2017",
35,"Alojamiento","2017",316129.496
35,"Pesca","2017",
35,"Turismo","2017",
36,"Acuicultura","2017",
36,"Alojamiento","2017",0
36,"Pesca","2017",
36,"Transporte","2017",
36,"Turismo","2017",
37,"Acuicultura","2017",
37,"Alojamiento","2017",
37,"Pesca","2017",
37,"Transporte","2017",
37,"Turismo","2017",
38,"Acuicultura","2017",
38,"Alojamiento","2017",0
38,"Pesca","2017",
38,"Transporte","2017",
39,"Acuicultura","2017",2463299.0528
39,"Alojamiento","2017",168373.4016
39,"Pesca","2017",402362.3264
39,"Transporte","2017",
39,"Turismo","2017",
40,"Acuicultura","2017",
40,"Alojamiento","2017",
40,"Pesca","2017",
40,"Transporte","2017",
40,"Turismo","2017",
41,"Alojamiento","2017",
41,"Pesca","2017",
41,"Transporte","2017",
41,"Turismo","2017",
42,"Acuicultura","2017",
42,"Alojamiento","2017",449156.6944
42,"Pesca","2017",
42,"Transporte","2017",
42,"Turismo","2017",
43,"Acuicultura","2017",
43,"Alojamiento","2017",4271097.4912
43,"Pesca","2017",2705920.7472
43,"Transporte","2017",
43,"Turismo","2017",1843768.2368
44,"Acuicultura","2017",
44,"Alojamiento","2017",977663.7424
44,"Pesca","2017",
44,"Turismo","2017",
45,"Acuicultura","2017",
45,"Alojamiento","2017",
45,"Pesca","2017",
45,"Turismo","2017",
46,"Acuicultura","2017",
46,"Alojamiento","2017",4868396.0368
46,"Pesca","2017",
46,"Transporte","2017",
46,"Turismo","2017",4105038.6304
47,"Acuicultura","2017",
47,"Alojamiento","2017",400409.7136
47,"Pesca","2017",
47,"Transporte","2017",
47,"Turismo","2017",
48,"Alojamiento","2017",
49,"Acuicultura","2017",
49,"Alojamiento","2017",
49,"Pesca","2017",35767210.4384
49,"Transporte","2017",
49,"Turismo","2017",
50,"Alojamiento","2017",1210347.928
50,"Pesca","2017",
50,"Turismo","2017",
51,"Alojamiento","2017",
51,"Turismo","2017",
52,"Alojamiento","2017",
52,"Pesca","2017",
52,"Turismo","2017",
53,"Acuicultura","2017",
53,"Alojamiento","2017",
53,"Pesca","2017",
53,"Transporte","2017",
53,"Turismo","2017",
54,"Acuicultura","2017",
54,"Alojamiento","2017",2557906.5824
54,"Pesca","2017",579332.08
54,"Transporte","2017",
54,"Turismo","2017",
55,"Acuicultura","2017",
55,"Alojamiento","2017",
55,"Pesca","2017",58179519.112
55,"Transporte","2017",
55,"Turismo","2017",
57,"Acuicultura","2017",0
56,"Alojamiento","2017",996678.6752
56,"Pesca","2017",
56,"Transporte","2017",
56,"Turismo","2017",
57,"Acuicultura","2017",0
57,"Alojamiento","2017",
57,"Pesca","2017",962501.8816
57,"Transporte","2017",
57,"Turismo","2017",
58,"Acuicultura","2017",
58,"Alojamiento","2017",3227512.048
58,"Pesca","2017",
58,"Transporte","2017",
59,"Acuicultura","2017",0
59,"Alojamiento","2017",5485352.4432
59,"Pesca","2017",27282709.4768
59,"Transporte","2017",0
59,"Turismo","2017",2745484.648
60,"Acuicultura","2017",
60,"Alojamiento","2017",218636.4336
60,"Pesca","2017",
60,"Turismo","2017",
61,"Acuicultura","2017",
61,"Alojamiento","2017",131991.32
61,"Pesca","2017",5545293.1152
61,"Transporte","2017",
61,"Turismo","2017",
62,"Acuicultura","2017",
62,"Alojamiento","2017",
62,"Pesca","2017",
62,"Transporte","2017",
62,"Turismo","2017",
63,"Acuicultura","2017",
63,"Alojamiento","2017",
63,"Pesca","2017",
63,"Transporte","2017",
63,"Turismo","2017",
64,"Acuicultura","2017",
64,"Alojamiento","2017",525648.4912
64,"Pesca","2017",401764.808
64,"Transporte","2017",
64,"Turismo","2017",
65,"Acuicultura","2017",
65,"Alojamiento","2017",
65,"Pesca","2017",
65,"Transporte","2017",
66,"Acuicultura","2017",
66,"Alojamiento","2017",2309913.0672
66,"Pesca","2017",
66,"Transporte","2017",
66,"Turismo","2017",
67,"Acuicultura","2017",
67,"Alojamiento","2017",1222309.0864
67,"Pesca","2017",1766419.5024
67,"Transporte","2017",
67,"Turismo","2017",
68,"Alojamiento","2017",
69,"Acuicultura","2017",
69,"Alojamiento","2017",222775.9008
69,"Pesca","2017",
69,"Transporte","2017",
69,"Turismo","2017",
70,"Acuicultura","2017",5477181376.832
70,"Alojamiento","2017",5291693.5376
70,"Pesca","2017",124575429.6672
70,"Transporte","2017",326638115.944
70,"Turismo","2017",2092094.9056
71,"Acuicultura","2017",190936837.9184
71,"Alojamiento","2017",1629499.2176
71,"Pesca","2017",
71,"Transporte","2017",0
71,"Turismo","2017",5153124.5696
72,"Acuicultura","2017",7786906.9968
72,"Alojamiento","2017",42291851.9472
72,"Pesca","2017",103604824.9888
72,"Transporte","2017",0
72,"Turismo","2017",6714387.9952
73,"Acuicultura","2017",0
73,"Alojamiento","2017",0
73,"Pesca","2017",
73,"Transporte","2017",
74,"Turismo","2017",
74,"Acuicultura","2017",
74,"Alojamiento","2017",
74,"Transporte","2017",
74,"Turismo","2017",
75,"Acuicultura","2017",1045085.7584
75,"Alojamiento","2017",
75,"Pesca","2017",1912881.648
75,"Transporte","2017",
75,"Turismo","2017",
76,"Acuicultura","2017",360677767.6064
76,"Alojamiento","2017",519175.1504
76,"Pesca","2017",14885701.6432
76,"Transporte","2017",0
76,"Turismo","2017",
77,"Acuicultura","2017",
77,"Alojamiento","2017",
77,"Pesca","2017",
77,"Transporte","2017",
77,"Turismo","2017",
78,"Acuicultura","2017",3595936.768
78,"Alojamiento","2017",
78,"Pesca","2017",
78,"Transporte","2017",0
78,"Turismo","2017",
79,"Acuicultura","2017",
79,"Alojamiento","2017",197168.4832
79,"Pesca","2017",0
79,"Transporte","2017",
79,"Turismo","2017",
80,"Acuicultura","2017",
80,"Alojamiento","2017",
80,"Pesca","2017",
80,"Transporte","2017",
81,"Río Verde","2017",
81,"Alojamiento","2017",
82,"Acuicultura","2017",
82,"Alojamiento","2017",
82,"Pesca","2017",
82,"Transporte","2017",
82,"Turismo","2017",
83,"Acuicultura","2017",
83,"Alojamiento","2017",737211.368
83,"Pesca","2017",128481203.7792
83,"Transporte","2017",
83,"Turismo","2017",
84,"Alojamiento","2017",
85,"Acuicultura","2017",
85,"Alojamiento","2017",0
85,"Pesca","2017",
85,"Transporte","2017",
85,"Turismo","2017",
86,"Alojamiento","2017",5675252.6928
86,"Pesca","2017",
86,"Turismo","2017",3106147.4736
87,"Alojamiento","2017",
87,"Pesca","2017",
87,"Transporte","2017",
87,"Turismo","2017",
88,"Acuicultura","2017",
88,"Alojamiento","2017",393163.5104
88,"Pesca","2017",34278990.3776
88,"Transporte","2017",
88,"Turismo","2017",
89,"Acuicultura","2017",
89,"Alojamiento","2017",1141957.024
89,"Pesca","2017",1868756.5552
89,"Turismo","2017",
90,"Alojamiento","2017",
90,"Pesca","2017",
90,"Transporte","2017",
90,"Turismo","2017",
91,"Alojamiento","2017",
91,"Turismo","2017",
92,"Acuicultura","2017",
92,"Alojamiento","2017",0
92,"Pesca","2017",
92,"Transporte","2017",
92,"Turismo","2017",
93,"Acuicultura","2017",6455195.3936
93,"Alojamiento","2017",0
93,"Pesca","2017",
93,"Transporte","2017",
93,"Turismo","2017",
94,"Acuicultura","2017",
94,"Alojamiento","2017",
94,"Pesca","2017",348761.464
94,"Transporte","2017",
94,"Turismo","2017",
95,"Acuicultura","2017",
95,"Alojamiento","2017",709129.352
95,"Pesca","2017",0
95,"Transporte","2017",
95,"Turismo","2017",
96,"Alojamiento","2017",
96,"Transporte","2017",
96,"Turismo","2017",
97,"Alojamiento","2017",
97,"Transporte","2017",
97,"Turismo","2017",
98,"Alojamiento","2017",
98,"Turismo","2017",
99,"Acuicultura","2017",7209220.0032
99,"Alojamiento","2017",7988610.1456
99,"Pesca","2017",12066488.44
99,"Transporte","2017",9509379.8976
99,"Turismo","2017",676599.4432
100,"Acuicultura","2017",
100,"Alojamiento","2017",6530816.3152
100,"Pesca","2017",3496502.3328
100,"Transporte","2017",218019531.1456
100,"Turismo","2017",7259947.472
101,"Alojamiento","2017",
101,"Pesca","2017",
101,"Turismo","2017",
102,"Acuicultura","2017",
102,"Alojamiento","2017",8249133.1136
102,"Pesca","2017",
102,"Transporte","2017",
102,"Turismo","2017",19846751.248
103,"Zapallar","2017",
103,"Acuicultura","2017",
103,"Alojamiento","2017",
103,"Pesca","2017",
103,"Turismo","2017",
1,"Alojamiento","2018",307777.7264
1,"Pesca","2018",
1,"Turismo","2018",
2,"Acuicultura","2018",25282405.3568
2,"Alojamiento","2018",1420622.7008
2,"Pesca","2018",7698068.7344
2,"Transporte","2018",
2,"Turismo","2018",
3,"Acuicultura","2018",
3,"Alojamiento","2018",11346263.4096
3,"Pesca","2018",
3,"Transporte","2018",
3,"Turismo","2018",1535036.0096
4,"Acuicultura","2018",
4,"Alojamiento","2018",2703240.6816
4,"Pesca","2018",1148914.1344
4,"Transporte","2018",
4,"Turismo","2018",
5,"Acuicultura","2018",
5,"Alojamiento","2018",2698522.1296
5,"Pesca","2018",19642019.5936
5,"Transporte","2018",
5,"Turismo","2018",2732737.1392
6,"Acuicultura","2018",15087572.0432
6,"Alojamiento","2018",2444833.5312
6,"Pesca","2018",1479077.4448
6,"Transporte","2018",10171990.0368
6,"Turismo","2018",201218.9296
7,"Acuicultura","2018",
7,"Alojamiento","2018",
7,"Pesca","2018",4448226.4032
7,"Transporte","2018",
7,"Turismo","2018",
8,"Acuicultura","2018",100023197.1904
8,"Alojamiento","2018",197472.8624
8,"Pesca","2018",1122971.7648
8,"Transporte","2018",1150913.9552
8,"Turismo","2018",
9,"Acuicultura","2018",4613812.2848
9,"Alojamiento","2018",976841.424
9,"Pesca","2018",10397139.8256
9,"Transporte","2018",
9,"Turismo","2018",
11,"Alojamiento","2018",
11,"Pesca","2018",
12,"Alojamiento","2018",0
12,"Pesca","2018",
12,"Turismo","2018",
14,"Alojamiento","2018",551773.848
14,"Pesca","2018",
14,"Transporte","2018",
14,"Turismo","2018",
15,"Alojamiento","2018",540483.9424
15,"Pesca","2018",0
15,"Turismo","2018",
16,"Acuicultura","2018",43938703.9264
16,"Alojamiento","2018",1571639.2944
16,"Pesca","2018",
16,"Transporte","2018",10627981.5504
16,"Turismo","2018",0
17,"Acuicultura","2018",
17,"Alojamiento","2018",2188733.2784
17,"Pesca","2018",
17,"Transporte","2018",
17,"Turismo","2018",
19,"Alojamiento","2018",
19,"Pesca","2018",
18,"Acuicultura","2018",
18,"Alojamiento","2018",0
18,"Pesca","2018",
18,"Turismo","2018",
20,"Acuicultura","2018",502961425.672
20,"Alojamiento","2018",347739.5232
20,"Pesca","2018",
20,"Transporte","2018",
20,"Turismo","2018",
21,"Acuicultura","2018",6489320.4832
21,"Alojamiento","2018",1807293.9872
21,"Pesca","2018",0
21,"Transporte","2018",
21,"Turismo","2018",
23,"Acuicultura","2018",1941847.128
23,"Alojamiento","2018",111287.6896
23,"Pesca","2018",
23,"Transporte","2018",
23,"Turismo","2018",
24,"Alojamiento","2018",782174.0656
24,"Pesca","2018",
24,"Turismo","2018",
25,"Acuicultura","2018",
25,"Alojamiento","2018",732824.1712
25,"Pesca","2018",
25,"Transporte","2018",
25,"Turismo","2018",
26,"Acuicultura","2018",
26,"Alojamiento","2018",2404713.4752
26,"Pesca","2018",7368700.3168
26,"Transporte","2018",
26,"Turismo","2018",
27,"Acuicultura","2018",
27,"Alojamiento","2018",7203839.1904
27,"Pesca","2018",
27,"Transporte","2018",
27,"Turismo","2018",211881.6432
28,"Acuicultura","2018",3388796.6064
28,"Alojamiento","2018",2606999.7552
28,"Pesca","2018",52560409.32
28,"Transporte","2018",
28,"Turismo","2018",
29,"Acuicultura","2018",
29,"Alojamiento","2018",456147.9744
29,"Pesca","2018",466155348.792
29,"Transporte","2018",
29,"Turismo","2018",
30,"Acuicultura","2018",
30,"Alojamiento","2018",69718.1232
30,"Pesca","2018",624741.68
30,"Transporte","2018",
30,"Turismo","2018",
31,"Acuicultura","2018",0
31,"Alojamiento","2018",
31,"Pesca","2018",
31,"Transporte","2018",
32,"Alojamiento","2018",
32,"Pesca","2018",
32,"Turismo","2018",
33,"Acuicultura","2018",11224527.016
33,"Alojamiento","2018",404323.9312
33,"Pesca","2018",645083.3824
33,"Transporte","2018",0
33,"Turismo","2018",
34,"El Quisco","2018",828409.1312
34,"Alojamiento","2018",828409.1312
34,"Pesca","2018",
34,"Turismo","2018",
35,"Acuicultura","2018",
35,"Alojamiento","2018",282078.5904
35,"Pesca","2018",
35,"Turismo","2018",
36,"Acuicultura","2018",
36,"Alojamiento","2018",116795.2896
36,"Pesca","2018",
36,"Transporte","2018",
36,"Turismo","2018",
37,"Acuicultura","2018",
37,"Alojamiento","2018",
37,"Pesca","2018",
37,"Transporte","2018",
37,"Turismo","2018",
38,"Acuicultura","2018",
38,"Alojamiento","2018",442730.5616
38,"Pesca","2018",
38,"Transporte","2018",
39,"Acuicultura","2018",2556621.176
39,"Alojamiento","2018",504108.6048
39,"Pesca","2018",263093.3312
39,"Transporte","2018",
39,"Turismo","2018",
40,"Acuicultura","2018",
40,"Alojamiento","2018",
40,"Pesca","2018",
40,"Transporte","2018",
40,"Turismo","2018",
41,"Alojamiento","2018",
41,"Pesca","2018",
41,"Transporte","2018",
41,"Turismo","2018",
42,"Acuicultura","2018",
42,"Alojamiento","2018",530784.272
42,"Pesca","2018",
42,"Transporte","2018",
42,"Turismo","2018",
43,"Acuicultura","2018",
43,"Alojamiento","2018",5475079.0832
43,"Pesca","2018",1132715.0464
43,"Transporte","2018",
43,"Turismo","2018",2036870.5376
44,"Acuicultura","2018",
44,"Alojamiento","2018",317321.8352
44,"Pesca","2018",
44,"Turismo","2018",
45,"Acuicultura","2018",
45,"Alojamiento","2018",
45,"Pesca","2018",
45,"Turismo","2018",
46,"Acuicultura","2018",
46,"Alojamiento","2018",5080990.296
46,"Pesca","2018",
46,"Transporte","2018",
46,"Turismo","2018",3311297.256
47,"Acuicultura","2018",
47,"Alojamiento","2018",1049543.992
47,"Pesca","2018",
47,"Transporte","2018",
47,"Turismo","2018",
48,"Alojamiento","2018",
49,"Acuicultura","2018",
49,"Alojamiento","2018",
49,"Pesca","2018",43449134.0368
49,"Transporte","2018",
49,"Turismo","2018",
50,"Alojamiento","2018",1447905.328
50,"Pesca","2018",
50,"Turismo","2018",
51,"Alojamiento","2018",
51,"Turismo","2018",
52,"Alojamiento","2018",
52,"Pesca","2018",
52,"Turismo","2018",
53,"Acuicultura","2018",
53,"Alojamiento","2018",
53,"Pesca","2018",
53,"Transporte","2018",
53,"Turismo","2018",
54,"Acuicultura","2018",
54,"Alojamiento","2018",1425395.6544
54,"Pesca","2018",9909.184
54,"Transporte","2018",
54,"Turismo","2018",
55,"Acuicultura","2018",
55,"Alojamiento","2018",
55,"Pesca","2018",47025990.68
55,"Transporte","2018",
55,"Turismo","2018",
57,"Acuicultura","2018",0
56,"Alojamiento","2018",1398577.9136
56,"Pesca","2018",
56,"Transporte","2018",
56,"Turismo","2018",
57,"Acuicultura","2018",0
57,"Alojamiento","2018",
57,"Pesca","2018",1086854.4976
57,"Transporte","2018",
57,"Turismo","2018",
58,"Acuicultura","2018",
58,"Alojamiento","2018",1696489.168
58,"Pesca","2018",
58,"Transporte","2018",
59,"Acuicultura","2018",31653779.5744
59,"Alojamiento","2018",5352364.8096
59,"Pesca","2018",15139345.7312
59,"Transporte","2018",0
59,"Turismo","2018",9398089.5104
60,"Acuicultura","2018",
60,"Alojamiento","2018",266286.3904
60,"Pesca","2018",
60,"Turismo","2018",
61,"Acuicultura","2018",
61,"Alojamiento","2018",514516.3952
61,"Pesca","2018",5526827.144
61,"Transporte","2018",
61,"Turismo","2018",
62,"Acuicultura","2018",
62,"Alojamiento","2018",
62,"Pesca","2018",
62,"Transporte","2018",
62,"Turismo","2018",
63,"Acuicultura","2018",
63,"Alojamiento","2018",
63,"Pesca","2018",
63,"Transporte","2018",
63,"Turismo","2018",
64,"Acuicultura","2018",
64,"Alojamiento","2018",313221.9328
64,"Pesca","2018",220577.3568
64,"Transporte","2018",
64,"Turismo","2018",
65,"Acuicultura","2018",
65,"Alojamiento","2018",
65,"Pesca","2018",
65,"Transporte","2018",
66,"Acuicultura","2018",
66,"Alojamiento","2018",1593154.9024
66,"Pesca","2018",
66,"Transporte","2018",
66,"Turismo","2018",
67,"Acuicultura","2018",
67,"Alojamiento","2018",2127190.6816
67,"Pesca","2018",587726.112
67,"Transporte","2018",
67,"Turismo","2018",
68,"Alojamiento","2018",
69,"Acuicultura","2018",
69,"Alojamiento","2018",369986.6304
69,"Pesca","2018",
69,"Transporte","2018",
69,"Turismo","2018",
70,"Acuicultura","2018",6661896273.52
70,"Alojamiento","2018",5485077.7376
70,"Pesca","2018",237178374.1616
70,"Transporte","2018",520715107.2816
70,"Turismo","2018",4737669.8912
71,"Acuicultura","2018",562552785.448
71,"Alojamiento","2018",2732323.9568
71,"Pesca","2018",
71,"Transporte","2018",365535.5904
71,"Turismo","2018",4852885.736
72,"Acuicultura","2018",9476198.0688
72,"Alojamiento","2018",5279158.24
72,"Pesca","2018",79400443.9856
72,"Transporte","2018",1430441.5152
72,"Turismo","2018",6749960.3472
73,"Acuicultura","2018",0
73,"Alojamiento","2018",600064.0352
73,"Pesca","2018",
73,"Transporte","2018",
74,"Turismo","2018",
74,"Acuicultura","2018",
74,"Alojamiento","2018",
74,"Transporte","2018",
74,"Turismo","2018",
75,"Acuicultura","2018",2392317.104
75,"Alojamiento","2018",
75,"Pesca","2018",2498254.5536
75,"Transporte","2018",
75,"Turismo","2018",
76,"Acuicultura","2018",476179497.76
76,"Alojamiento","2018",606469.0368
76,"Pesca","2018",43264914.0336
76,"Transporte","2018",15857726.0528
76,"Turismo","2018",
77,"Acuicultura","2018",
77,"Alojamiento","2018",
77,"Pesca","2018",
77,"Transporte","2018",
77,"Turismo","2018",
78,"Acuicultura","2018",4641662.3072
78,"Alojamiento","2018",
78,"Pesca","2018",
78,"Transporte","2018",0
78,"Turismo","2018",
79,"Acuicultura","2018",
79,"Alojamiento","2018",223766.3696
79,"Pesca","2018",700941.6864
79,"Transporte","2018",
79,"Turismo","2018",
80,"Acuicultura","2018",
80,"Alojamiento","2018",
80,"Pesca","2018",
80,"Transporte","2018",
81,"Río Verde","2018",
81,"Alojamiento","2018",
82,"Acuicultura","2018",
82,"Alojamiento","2018",
82,"Pesca","2018",
82,"Transporte","2018",
82,"Turismo","2018",
83,"Acuicultura","2018",
83,"Alojamiento","2018",831756.8528
83,"Pesca","2018",75980682.528
83,"Transporte","2018",
83,"Turismo","2018",
84,"Alojamiento","2018",
85,"Acuicultura","2018",
85,"Alojamiento","2018",115524.2704
85,"Pesca","2018",
85,"Transporte","2018",
85,"Turismo","2018",
86,"Alojamiento","2018",7688263.408
86,"Pesca","2018",
86,"Turismo","2018",7066727.376
87,"Alojamiento","2018",
87,"Pesca","2018",
87,"Transporte","2018",
87,"Turismo","2018",
88,"Acuicultura","2018",
88,"Alojamiento","2018",329816.2192
88,"Pesca","2018",44715133.4528
88,"Transporte","2018",
88,"Turismo","2018",
89,"Acuicultura","2018",
89,"Alojamiento","2018",398653.576
89,"Pesca","2018",0
89,"Turismo","2018",
90,"Alojamiento","2018",
90,"Pesca","2018",
90,"Transporte","2018",
90,"Turismo","2018",
91,"Alojamiento","2018",
91,"Turismo","2018",
92,"Acuicultura","2018",
92,"Alojamiento","2018",155647.9232
92,"Pesca","2018",
92,"Transporte","2018",
92,"Turismo","2018",
93,"Acuicultura","2018",0
93,"Alojamiento","2018",411901.04
93,"Pesca","2018",
93,"Transporte","2018",
93,"Turismo","2018",
94,"Acuicultura","2018",
94,"Alojamiento","2018",
94,"Pesca","2018",87340.6448
94,"Transporte","2018",
94,"Turismo","2018",
95,"Acuicultura","2018",
95,"Alojamiento","2018",371613.2832
95,"Pesca","2018",0
95,"Transporte","2018",
95,"Turismo","2018",
96,"Alojamiento","2018",
96,"Transporte","2018",
96,"Turismo","2018",
97,"Alojamiento","2018",
97,"Transporte","2018",
97,"Turismo","2018",
98,"Alojamiento","2018",
98,"Turismo","2018",
99,"Acuicultura","2018",0
99,"Alojamiento","2018",7371561.5712
99,"Pesca","2018",20469524.5792
99,"Transporte","2018",5178709.9568
99,"Turismo","2018",851640.8624
100,"Acuicultura","2018",
100,"Alojamiento","2018",5082634.9328
100,"Pesca","2018",2241902.9744
100,"Transporte","2018",252355386.9312
100,"Turismo","2018",7173556.3824
101,"Alojamiento","2018",
101,"Pesca","2018",
101,"Turismo","2018",
102,"Acuicultura","2018",
102,"Alojamiento","2018",5901135.7792
102,"Pesca","2018",
102,"Transporte","2018",
102,"Turismo","2018",23727485.7872
103,"Zapallar","2018",
103,"Acuicultura","2018",
103,"Alojamiento","2018",
103,"Pesca","2018",
103,"Turismo","2018",
1,"Alojamiento","2019",273193.5952
1,"Pesca","2019",
1,"Turismo","2019",
2,"Acuicultura","2019",25360812
2,"Alojamiento","2019",1416888.3232
2,"Pesca","2019",5817662.5936
2,"Transporte","2019",
2,"Turismo","2019",
3,"Acuicultura","2019",
3,"Alojamiento","2019",15132067.6064
3,"Pesca","2019",
3,"Transporte","2019",
3,"Turismo","2019",1427701.6528
4,"Acuicultura","2019",
4,"Alojamiento","2019",3066270.2016
4,"Pesca","2019",771627.3488
4,"Transporte","2019",
4,"Turismo","2019",
5,"Acuicultura","2019",
5,"Alojamiento","2019",1852922.5424
5,"Pesca","2019",20073468.3424
5,"Transporte","2019",
5,"Turismo","2019",2355222.856
6,"Acuicultura","2019",20543308.4352
6,"Alojamiento","2019",2008097.936
6,"Pesca","2019",1475829.984
6,"Transporte","2019",9239458.0416
6,"Turismo","2019",164530.6704
7,"Acuicultura","2019",
7,"Alojamiento","2019",
7,"Pesca","2019",3783590.816
7,"Transporte","2019",
7,"Turismo","2019",
8,"Acuicultura","2019",103039685.432
8,"Alojamiento","2019",0
8,"Pesca","2019",1244851.5808
8,"Transporte","2019",2713171.896
8,"Turismo","2019",
9,"Acuicultura","2019",3275959.5952
9,"Alojamiento","2019",460901.5952
9,"Pesca","2019",12306781.2064
9,"Transporte","2019",
9,"Turismo","2019",
11,"Alojamiento","2019",
11,"Pesca","2019",
12,"Alojamiento","2019",189443.9056
12,"Pesca","2019",
12,"Turismo","2019",
14,"Alojamiento","2019",481586.3424
14,"Pesca","2019",
14,"Transporte","2019",
14,"Turismo","2019",
15,"Alojamiento","2019",0
15,"Pesca","2019",0
15,"Turismo","2019",
16,"Acuicultura","2019",40511460.6752
16,"Alojamiento","2019",1917856.472
16,"Pesca","2019",
16,"Transporte","2019",12625561.0944
16,"Turismo","2019",0
17,"Acuicultura","2019",
17,"Alojamiento","2019",1229277.8864
17,"Pesca","2019",
17,"Transporte","2019",
17,"Turismo","2019",
19,"Alojamiento","2019",
19,"Pesca","2019",
18,"Acuicultura","2019",
18,"Alojamiento","2019",0
18,"Pesca","2019",
18,"Turismo","2019",
20,"Acuicultura","2019",739122847.7952
20,"Alojamiento","2019",241487.8032
20,"Pesca","2019",
20,"Transporte","2019",
20,"Turismo","2019",
21,"Acuicultura","2019",8257560.416
21,"Alojamiento","2019",1526613.6528
21,"Pesca","2019",0
21,"Transporte","2019",
21,"Turismo","2019",
23,"Acuicultura","2019",2536382.8816
23,"Alojamiento","2019",150198.3216
23,"Pesca","2019",
23,"Transporte","2019",
23,"Turismo","2019",
24,"Alojamiento","2019",0
24,"Pesca","2019",
24,"Turismo","2019",
25,"Acuicultura","2019",
25,"Alojamiento","2019",271434.3104
25,"Pesca","2019",
25,"Transporte","2019",
25,"Turismo","2019",
26,"Acuicultura","2019",
26,"Alojamiento","2019",2919772.088
26,"Pesca","2019",5062422.7152
26,"Transporte","2019",
26,"Turismo","2019",
27,"Acuicultura","2019",
27,"Alojamiento","2019",3263034.4944
27,"Pesca","2019",
27,"Transporte","2019",
27,"Turismo","2019",0
28,"Acuicultura","2019",6783282.0016
28,"Alojamiento","2019",1983090.2848
28,"Pesca","2019",20439370.8064
28,"Transporte","2019",
28,"Turismo","2019",
29,"Acuicultura","2019",
29,"Alojamiento","2019",374852.2016
29,"Pesca","2019",455610553.1328
29,"Transporte","2019",
29,"Turismo","2019",
30,"Acuicultura","2019",
30,"Alojamiento","2019",141847.9008
30,"Pesca","2019",595130.1248
30,"Transporte","2019",
30,"Turismo","2019",
31,"Acuicultura","2019",12583039.2752
31,"Alojamiento","2019",
31,"Pesca","2019",
31,"Transporte","2019",
32,"Alojamiento","2019",
32,"Pesca","2019",
32,"Turismo","2019",
33,"Acuicultura","2019",36500291.3312
33,"Alojamiento","2019",499089.72
33,"Pesca","2019",622542.6864
33,"Transporte","2019",0
33,"Turismo","2019",
34,"El Quisco","2019",722959.048
34,"Alojamiento","2019",722959.048
34,"Pesca","2019",
34,"Turismo","2019",
35,"Acuicultura","2019",
35,"Alojamiento","2019",579665.6832
35,"Pesca","2019",
35,"Turismo","2019",
36,"Acuicultura","2019",
36,"Alojamiento","2019",0
36,"Pesca","2019",
36,"Transporte","2019",
36,"Turismo","2019",
37,"Acuicultura","2019",
37,"Alojamiento","2019",
37,"Pesca","2019",
37,"Transporte","2019",
37,"Turismo","2019",
38,"Acuicultura","2019",
38,"Alojamiento","2019",0
38,"Pesca","2019",
38,"Transporte","2019",
39,"Acuicultura","2019",2632662.024
39,"Alojamiento","2019",396232.9296
39,"Pesca","2019",132772.2752
39,"Transporte","2019",
39,"Turismo","2019",
40,"Acuicultura","2019",
40,"Alojamiento","2019",
40,"Pesca","2019",
40,"Transporte","2019",
40,"Turismo","2019",
41,"Alojamiento","2019",
41,"Pesca","2019",
41,"Transporte","2019",
41,"Turismo","2019",
42,"Acuicultura","2019",
42,"Alojamiento","2019",735960.1312
42,"Pesca","2019",
42,"Transporte","2019",
42,"Turismo","2019",
43,"Acuicultura","2019",
43,"Alojamiento","2019",5137373.7328
43,"Pesca","2019",1403710.5472
43,"Transporte","2019",
43,"Turismo","2019",2228517.9328
44,"Acuicultura","2019",
44,"Alojamiento","2019",226068.7712
44,"Pesca","2019",
44,"Turismo","2019",
45,"Acuicultura","2019",
45,"Alojamiento","2019",
45,"Pesca","2019",
45,"Turismo","2019",
46,"Acuicultura","2019",
46,"Alojamiento","2019",5322813.9504
46,"Pesca","2019",
46,"Transporte","2019",
46,"Turismo","2019",1800651.5968
47,"Acuicultura","2019",
47,"Alojamiento","2019",534185.496
47,"Pesca","2019",
47,"Transporte","2019",
47,"Turismo","2019",
48,"Alojamiento","2019",
49,"Acuicultura","2019",
49,"Alojamiento","2019",
49,"Pesca","2019",29997055.2784
49,"Transporte","2019",
49,"Turismo","2019",
50,"Alojamiento","2019",1558942.5904
50,"Pesca","2019",
50,"Turismo","2019",
51,"Alojamiento","2019",
51,"Turismo","2019",
52,"Alojamiento","2019",
52,"Pesca","2019",
52,"Turismo","2019",
53,"Acuicultura","2019",
53,"Alojamiento","2019",
53,"Pesca","2019",
53,"Transporte","2019",
53,"Turismo","2019",
54,"Acuicultura","2019",
54,"Alojamiento","2019",3157147.8496
54,"Pesca","2019",3511.376
54,"Transporte","2019",
54,"Turismo","2019",
55,"Acuicultura","2019",
55,"Alojamiento","2019",
55,"Pesca","2019",60773562.2944
55,"Transporte","2019",
55,"Turismo","2019",
57,"Acuicultura","2019",0
56,"Alojamiento","2019",2972908.5136
56,"Pesca","2019",
56,"Transporte","2019",
56,"Turismo","2019",
57,"Acuicultura","2019",0
57,"Alojamiento","2019",
57,"Pesca","2019",0
57,"Transporte","2019",
57,"Turismo","2019",
58,"Acuicultura","2019",
58,"Alojamiento","2019",1492614.4512
58,"Pesca","2019",
58,"Transporte","2019",
59,"Acuicultura","2019",14376251.3408
59,"Alojamiento","2019",5687473.2704
59,"Pesca","2019",16795773.2912
59,"Transporte","2019",0
59,"Turismo","2019",12491560.512
60,"Acuicultura","2019",
60,"Alojamiento","2019",320237.9408
60,"Pesca","2019",
60,"Turismo","2019",
61,"Acuicultura","2019",
61,"Alojamiento","2019",259853.9632
61,"Pesca","2019",5255401.376
61,"Transporte","2019",
61,"Turismo","2019",
62,"Acuicultura","2019",
62,"Alojamiento","2019",
62,"Pesca","2019",
62,"Transporte","2019",
62,"Turismo","2019",
63,"Acuicultura","2019",
63,"Alojamiento","2019",
63,"Pesca","2019",
63,"Transporte","2019",
63,"Turismo","2019",
64,"Acuicultura","2019",
64,"Alojamiento","2019",690178.2624
64,"Pesca","2019",180834.0656
64,"Transporte","2019",
64,"Turismo","2019",
65,"Acuicultura","2019",
65,"Alojamiento","2019",
65,"Pesca","2019",
65,"Transporte","2019",
66,"Acuicultura","2019",
66,"Alojamiento","2019",2392279.3376
66,"Pesca","2019",
66,"Transporte","2019",
66,"Turismo","2019",
67,"Acuicultura","2019",
67,"Alojamiento","2019",1806220.792
67,"Pesca","2019",1207427.3264
67,"Transporte","2019",
67,"Turismo","2019",
68,"Alojamiento","2019",
69,"Acuicultura","2019",
69,"Alojamiento","2019",195628.6032
69,"Pesca","2019",
69,"Transporte","2019",
69,"Turismo","2019",
70,"Acuicultura","2019",7711995460.3744
70,"Alojamiento","2019",6916473.7536
70,"Pesca","2019",228413164.0912
70,"Transporte","2019",608744773.0736
70,"Turismo","2019",5363460.488
71,"Acuicultura","2019",131415964.1824
71,"Alojamiento","2019",6960179.3696
71,"Pesca","2019",
71,"Transporte","2019",32871237.9264
71,"Turismo","2019",8663241.24
72,"Acuicultura","2019",8331038.544
72,"Alojamiento","2019",45058851.304
72,"Pesca","2019",89647841.384
72,"Transporte","2019",0
72,"Turismo","2019",8111604.52
73,"Acuicultura","2019",0
73,"Alojamiento","2019",0
73,"Pesca","2019",
73,"Transporte","2019",
74,"Turismo","2019",
74,"Acuicultura","2019",
74,"Alojamiento","2019",
74,"Transporte","2019",
74,"Turismo","2019",
75,"Acuicultura","2019",2029300.1728
75,"Alojamiento","2019",
75,"Pesca","2019",1944830.224
75,"Transporte","2019",
75,"Turismo","2019",
76,"Acuicultura","2019",475594417.9936
76,"Alojamiento","2019",738690.552
76,"Pesca","2019",42887973.8896
76,"Transporte","2019",9704763.4688
76,"Turismo","2019",
77,"Acuicultura","2019",
77,"Alojamiento","2019",
77,"Pesca","2019",
77,"Transporte","2019",
77,"Turismo","2019",
78,"Acuicultura","2019",5991688.816
78,"Alojamiento","2019",
78,"Pesca","2019",
78,"Transporte","2019",0
78,"Turismo","2019",
79,"Acuicultura","2019",
79,"Alojamiento","2019",1616548.04
79,"Pesca","2019",214141.3328
79,"Transporte","2019",
79,"Turismo","2019",
80,"Acuicultura","2019",
80,"Alojamiento","2019",
80,"Pesca","2019",
80,"Transporte","2019",
81,"Río Verde","2019",
81,"Alojamiento","2019",
82,"Acuicultura","2019",
82,"Alojamiento","2019",
82,"Pesca","2019",
82,"Transporte","2019",
82,"Turismo","2019",
83,"Acuicultura","2019",
83,"Alojamiento","2019",351209.536
83,"Pesca","2019",75892339.7248
83,"Transporte","2019",
83,"Turismo","2019",
84,"Alojamiento","2019",
85,"Acuicultura","2019",
85,"Alojamiento","2019",81206.752
85,"Pesca","2019",
85,"Transporte","2019",
85,"Turismo","2019",
86,"Alojamiento","2019",6731506.0656
86,"Pesca","2019",
86,"Turismo","2019",7136237.3344
87,"Alojamiento","2019",
87,"Pesca","2019",
87,"Transporte","2019",
87,"Turismo","2019",
88,"Acuicultura","2019",
88,"Alojamiento","2019",263577.5504
88,"Pesca","2019",145037479.6464
88,"Transporte","2019",
88,"Turismo","2019",
89,"Acuicultura","2019",
89,"Alojamiento","2019",254059.5184
89,"Pesca","2019",0
89,"Turismo","2019",
90,"Alojamiento","2019",
90,"Pesca","2019",
90,"Transporte","2019",
90,"Turismo","2019",
91,"Alojamiento","2019",
91,"Turismo","2019",
92,"Acuicultura","2019",
92,"Alojamiento","2019",52800.1248
92,"Pesca","2019",
92,"Transporte","2019",
92,"Turismo","2019",
93,"Acuicultura","2019",0
93,"Alojamiento","2019",0
93,"Pesca","2019",
93,"Transporte","2019",
93,"Turismo","2019",
94,"Acuicultura","2019",
94,"Alojamiento","2019",
94,"Pesca","2019",422780.0112
94,"Transporte","2019",
94,"Turismo","2019",
95,"Acuicultura","2019",
95,"Alojamiento","2019",309872.8624
95,"Pesca","2019",0
95,"Transporte","2019",
95,"Turismo","2019",
96,"Alojamiento","2019",
96,"Transporte","2019",
96,"Turismo","2019",
97,"Alojamiento","2019",
97,"Transporte","2019",
97,"Turismo","2019",
98,"Alojamiento","2019",
98,"Turismo","2019",
99,"Acuicultura","2019",0
99,"Alojamiento","2019",10588206.7872
99,"Pesca","2019",10363877.0688
99,"Transporte","2019",13042533.1728
99,"Turismo","2019",519043.4176
100,"Acuicultura","2019",
100,"Alojamiento","2019",4322170.2528
100,"Pesca","2019",1612158.1456
100,"Transporte","2019",210759554
100,"Turismo","2019",5954778.4544
101,"Alojamiento","2019",
101,"Pesca","2019",
101,"Turismo","2019",
102,"Acuicultura","2019",
102,"Alojamiento","2019",6272801.6656
102,"Pesca","2019",
102,"Transporte","2019",
102,"Turismo","2019",24412382.5984
103,"Zapallar","2019",
103,"Acuicultura","2019",
103,"Alojamiento","2019",
103,"Pesca","2019",
103,"Turismo","2019",
1,"Alojamiento","2020",216133.5104
1,"Pesca","2020",
1,"Turismo","2020",
2,"Acuicultura","2020",23900229.7504
2,"Alojamiento","2020",965396.856
2,"Pesca","2020",7147094.7248
2,"Transporte","2020",
2,"Turismo","2020",
3,"Acuicultura","2020",
3,"Alojamiento","2020",12828701.6144
3,"Pesca","2020",
3,"Transporte","2020",
3,"Turismo","2020",429660.24
4,"Acuicultura","2020",
4,"Alojamiento","2020",4352206.68
4,"Pesca","2020",856951.5376
4,"Transporte","2020",
4,"Turismo","2020",
5,"Acuicultura","2020",
5,"Alojamiento","2020",981776.6832
5,"Pesca","2020",32608857.2112
5,"Transporte","2020",
5,"Turismo","2020",758075.5056
6,"Acuicultura","2020",16594093.072
6,"Alojamiento","2020",987753.6656
6,"Pesca","2020",2746565.936
6,"Transporte","2020",13286721.7232
6,"Turismo","2020",161860.496
7,"Acuicultura","2020",
7,"Alojamiento","2020",
7,"Pesca","2020",2103768.7696
7,"Transporte","2020",
7,"Turismo","2020",
8,"Acuicultura","2020",98860220.4672
8,"Alojamiento","2020",590323.0016
8,"Pesca","2020",720257.4016
8,"Transporte","2020",3452977.456
8,"Turismo","2020",
9,"Acuicultura","2020",4966203.3696
9,"Alojamiento","2020",262398.6992
9,"Pesca","2020",8061316.3104
9,"Transporte","2020",
9,"Turismo","2020",
11,"Alojamiento","2020",
11,"Pesca","2020",
12,"Alojamiento","2020",186656.3856
12,"Pesca","2020",
12,"Turismo","2020",
14,"Alojamiento","2020",454626.9776
14,"Pesca","2020",
14,"Transporte","2020",
14,"Turismo","2020",
15,"Alojamiento","2020",0
15,"Pesca","2020",0
15,"Turismo","2020",
16,"Acuicultura","2020",46373143.6048
16,"Alojamiento","2020",1056501.1024
16,"Pesca","2020",
16,"Transporte","2020",18173626.8928
16,"Turismo","2020",117243.0912
17,"Acuicultura","2020",
17,"Alojamiento","2020",565565.328
17,"Pesca","2020",
17,"Transporte","2020",
17,"Turismo","2020",
19,"Alojamiento","2020",
19,"Pesca","2020",
18,"Acuicultura","2020",
18,"Alojamiento","2020",0
18,"Pesca","2020",
18,"Turismo","2020",
20,"Acuicultura","2020",607474885.9664
20,"Alojamiento","2020",133758.248
20,"Pesca","2020",
20,"Transporte","2020",
20,"Turismo","2020",
21,"Acuicultura","2020",10254415.6544
21,"Alojamiento","2020",905141.464
21,"Pesca","2020",0
21,"Transporte","2020",
21,"Turismo","2020",
23,"Acuicultura","2020",2589439.2784
23,"Alojamiento","2020",152981.3456
23,"Pesca","2020",
23,"Transporte","2020",
23,"Turismo","2020",
24,"Alojamiento","2020",776651.6288
24,"Pesca","2020",
24,"Turismo","2020",
25,"Acuicultura","2020",
25,"Alojamiento","2020",0
25,"Pesca","2020",
25,"Transporte","2020",
25,"Turismo","2020",
26,"Acuicultura","2020",
26,"Alojamiento","2020",2370725.064
26,"Pesca","2020",2732074.8784
26,"Transporte","2020",
26,"Turismo","2020",
27,"Acuicultura","2020",
27,"Alojamiento","2020",5956968.9056
27,"Pesca","2020",
27,"Transporte","2020",
27,"Turismo","2020",0
28,"Acuicultura","2020",3498373.568
28,"Alojamiento","2020",1900064.9008
28,"Pesca","2020",22499732.4944
28,"Transporte","2020",
28,"Turismo","2020",
29,"Acuicultura","2020",
29,"Alojamiento","2020",495462.7968
29,"Pesca","2020",500307145.5312
29,"Transporte","2020",
29,"Turismo","2020",
30,"Acuicultura","2020",
30,"Alojamiento","2020",103187.696
30,"Pesca","2020",0
30,"Transporte","2020",
30,"Turismo","2020",
31,"Acuicultura","2020",13518245.9408
31,"Alojamiento","2020",
31,"Pesca","2020",
31,"Transporte","2020",
32,"Alojamiento","2020",
32,"Pesca","2020",
32,"Turismo","2020",
33,"Acuicultura","2020",16906307.9008
33,"Alojamiento","2020",212631.576
33,"Pesca","2020",0
33,"Transporte","2020",5762114.064
33,"Turismo","2020",
34,"El Quisco","2020",802493.7376
34,"Alojamiento","2020",802493.7376
34,"Pesca","2020",
34,"Turismo","2020",
35,"Acuicultura","2020",
35,"Alojamiento","2020",205513.5088
35,"Pesca","2020",
35,"Turismo","2020",
36,"Acuicultura","2020",
36,"Alojamiento","2020",0
36,"Pesca","2020",
36,"Transporte","2020",
36,"Turismo","2020",
37,"Acuicultura","2020",
37,"Alojamiento","2020",
37,"Pesca","2020",
37,"Transporte","2020",
37,"Turismo","2020",
38,"Acuicultura","2020",
38,"Alojamiento","2020",0
38,"Pesca","2020",
38,"Transporte","2020",
39,"Acuicultura","2020",3431260.4272
39,"Alojamiento","2020",522368.2096
39,"Pesca","2020",308283.976
39,"Transporte","2020",
39,"Turismo","2020",
40,"Acuicultura","2020",
40,"Alojamiento","2020",
40,"Pesca","2020",
40,"Transporte","2020",
40,"Turismo","2020",
41,"Alojamiento","2020",
41,"Pesca","2020",
41,"Transporte","2020",
41,"Turismo","2020",
42,"Acuicultura","2020",
42,"Alojamiento","2020",0
42,"Pesca","2020",
42,"Transporte","2020",
42,"Turismo","2020",
43,"Acuicultura","2020",
43,"Alojamiento","2020",9092940.1456
43,"Pesca","2020",1238017.6608
43,"Transporte","2020",
43,"Turismo","2020",668223.3952
44,"Acuicultura","2020",
44,"Alojamiento","2020",83544.672
44,"Pesca","2020",
44,"Turismo","2020",
45,"Acuicultura","2020",
45,"Alojamiento","2020",
45,"Pesca","2020",
45,"Turismo","2020",
46,"Acuicultura","2020",
46,"Alojamiento","2020",2496877.8784
46,"Pesca","2020",
46,"Transporte","2020",
46,"Turismo","2020",695193.5504
47,"Acuicultura","2020",
47,"Alojamiento","2020",316420.8368
47,"Pesca","2020",
47,"Transporte","2020",
47,"Turismo","2020",
48,"Alojamiento","2020",
49,"Acuicultura","2020",
49,"Alojamiento","2020",
49,"Pesca","2020",25551845.6912
49,"Transporte","2020",
49,"Turismo","2020",
50,"Alojamiento","2020",1379078.312
50,"Pesca","2020",
50,"Turismo","2020",
51,"Alojamiento","2020",
51,"Turismo","2020",
52,"Alojamiento","2020",
52,"Pesca","2020",
52,"Turismo","2020",
53,"Acuicultura","2020",
53,"Alojamiento","2020",
53,"Pesca","2020",
53,"Transporte","2020",
53,"Turismo","2020",
54,"Acuicultura","2020",
54,"Alojamiento","2020",3213199.4816
54,"Pesca","2020",9651.1136
54,"Transporte","2020",
54,"Turismo","2020",
55,"Acuicultura","2020",
55,"Alojamiento","2020",
55,"Pesca","2020",170372329.4944
55,"Transporte","2020",
55,"Turismo","2020",
57,"Acuicultura","2020",0
56,"Alojamiento","2020",1591610.976
56,"Pesca","2020",
56,"Transporte","2020",
56,"Turismo","2020",
57,"Acuicultura","2020",0
57,"Alojamiento","2020",
57,"Pesca","2020",0
57,"Transporte","2020",
57,"Turismo","2020",
58,"Acuicultura","2020",
58,"Alojamiento","2020",954569.5888
58,"Pesca","2020",
58,"Transporte","2020",
59,"Acuicultura","2020",22071032.6
59,"Alojamiento","2020",3327307.0624
59,"Pesca","2020",16097568.7696
59,"Transporte","2020",8914869.7712
59,"Turismo","2020",5522795.1312
60,"Acuicultura","2020",
60,"Alojamiento","2020",142085.7392
60,"Pesca","2020",
60,"Turismo","2020",
61,"Acuicultura","2020",
61,"Alojamiento","2020",346033.7408
61,"Pesca","2020",3923229.832
61,"Transporte","2020",
61,"Turismo","2020",
62,"Acuicultura","2020",
62,"Alojamiento","2020",
62,"Pesca","2020",
62,"Transporte","2020",
62,"Turismo","2020",
63,"Acuicultura","2020",
63,"Alojamiento","2020",
63,"Pesca","2020",
63,"Transporte","2020",
63,"Turismo","2020",
64,"Acuicultura","2020",
64,"Alojamiento","2020",0
64,"Pesca","2020",150903.744
64,"Transporte","2020",
64,"Turismo","2020",
65,"Acuicultura","2020",
65,"Alojamiento","2020",
65,"Pesca","2020",
65,"Transporte","2020",
66,"Acuicultura","2020",
66,"Alojamiento","2020",1774604.0208
66,"Pesca","2020",
66,"Transporte","2020",
66,"Turismo","2020",
67,"Acuicultura","2020",
67,"Alojamiento","2020",1888454.4304
67,"Pesca","2020",449179.624
67,"Transporte","2020",
67,"Turismo","2020",
68,"Alojamiento","2020",
69,"Acuicultura","2020",
69,"Alojamiento","2020",136057.952
69,"Pesca","2020",
69,"Transporte","2020",
69,"Turismo","2020",
70,"Acuicultura","2020",6870768511.9264
70,"Alojamiento","2020",4216034.5296
70,"Pesca","2020",192426994.856
70,"Transporte","2020",533187059.8384
70,"Turismo","2020",3001141.5952
71,"Acuicultura","2020",175981133.1056
71,"Alojamiento","2020",3505621.5696
71,"Pesca","2020",
71,"Transporte","2020",54486655.7776
71,"Turismo","2020",5692587.92
72,"Acuicultura","2020",12071131.4592
72,"Alojamiento","2020",15441428.824
72,"Pesca","2020",44575264.2416
72,"Transporte","2020",357372.2032
72,"Turismo","2020",3201409.1712
73,"Acuicultura","2020",0
73,"Alojamiento","2020",414154.4352
73,"Pesca","2020",
73,"Transporte","2020",
74,"Turismo","2020",
74,"Acuicultura","2020",
74,"Alojamiento","2020",
74,"Transporte","2020",
74,"Turismo","2020",
75,"Acuicultura","2020",1706353.392
75,"Alojamiento","2020",
75,"Pesca","2020",1495448.7296
75,"Transporte","2020",
75,"Turismo","2020",
76,"Acuicultura","2020",309193015.496
76,"Alojamiento","2020",872351.2368
76,"Pesca","2020",41683277.4336
76,"Transporte","2020",21106667.576
76,"Turismo","2020",
77,"Acuicultura","2020",
77,"Alojamiento","2020",
77,"Pesca","2020",
77,"Transporte","2020",
77,"Turismo","2020",
78,"Acuicultura","2020",6729575.9328
78,"Alojamiento","2020",
78,"Pesca","2020",
78,"Transporte","2020",1473756.4288
78,"Turismo","2020",
79,"Acuicultura","2020",
79,"Alojamiento","2020",193197.616
79,"Pesca","2020",762609.272
79,"Transporte","2020",
79,"Turismo","2020",
80,"Acuicultura","2020",
80,"Alojamiento","2020",
80,"Pesca","2020",
80,"Transporte","2020",
81,"Río Verde","2020",
81,"Alojamiento","2020",
82,"Acuicultura","2020",
82,"Alojamiento","2020",
82,"Pesca","2020",
82,"Transporte","2020",
82,"Turismo","2020",
83,"Acuicultura","2020",
83,"Alojamiento","2020",391721.1936
83,"Pesca","2020",82219739.016
83,"Transporte","2020",
83,"Turismo","2020",
84,"Alojamiento","2020",
85,"Acuicultura","2020",
85,"Alojamiento","2020",0
85,"Pesca","2020",
85,"Transporte","2020",
85,"Turismo","2020",
86,"Alojamiento","2020",2244731.8576
86,"Pesca","2020",
86,"Turismo","2020",1830727.1392
87,"Alojamiento","2020",
87,"Pesca","2020",
87,"Transporte","2020",
87,"Turismo","2020",
88,"Acuicultura","2020",
88,"Alojamiento","2020",0
88,"Pesca","2020",95023671.7168
88,"Transporte","2020",
88,"Turismo","2020",
89,"Acuicultura","2020",
89,"Alojamiento","2020",793029.6576
89,"Pesca","2020",0
89,"Turismo","2020",
90,"Alojamiento","2020",
90,"Pesca","2020",
90,"Transporte","2020",
90,"Turismo","2020",
91,"Alojamiento","2020",
91,"Turismo","2020",
92,"Acuicultura","2020",
92,"Alojamiento","2020",39569.7456
92,"Pesca","2020",
92,"Transporte","2020",
92,"Turismo","2020",
93,"Acuicultura","2020",0
93,"Alojamiento","2020",0
93,"Pesca","2020",
93,"Transporte","2020",
93,"Turismo","2020",
94,"Acuicultura","2020",
94,"Alojamiento","2020",
94,"Pesca","2020",977475.8096
94,"Transporte","2020",
94,"Turismo","2020",
95,"Acuicultura","2020",
95,"Alojamiento","2020",350403.8528
95,"Pesca","2020",0
95,"Transporte","2020",
95,"Turismo","2020",
96,"Alojamiento","2020",
96,"Transporte","2020",
96,"Turismo","2020",
97,"Alojamiento","2020",
97,"Transporte","2020",
97,"Turismo","2020",
98,"Alojamiento","2020",
98,"Turismo","2020",
99,"Acuicultura","2020",22193792.7328
99,"Alojamiento","2020",5611167.1584
99,"Pesca","2020",9933207.9264
99,"Transporte","2020",9043745.3632
99,"Turismo","2020",142830.7264
100,"Acuicultura","2020",
100,"Alojamiento","2020",2515555.6112
100,"Pesca","2020",1086396.3552
100,"Transporte","2020",224010737.5408
100,"Turismo","2020",2812789.3184
101,"Alojamiento","2020",
101,"Pesca","2020",
101,"Turismo","2020",
102,"Acuicultura","2020",
102,"Alojamiento","2020",5844279.8128
102,"Pesca","2020",
102,"Transporte","2020",
102,"Turismo","2020",10928366.504
103,"Zapallar","2020",
103,"Acuicultura","2020",
103,"Alojamiento","2020",
103,"Pesca","2020",
103,"Turismo","2020",
1,"Alojamiento","2021",0
1,"Pesca","2021",
1,"Turismo","2021",
2,"Acuicultura","2021",21472713.912
2,"Alojamiento","2021",0
2,"Pesca","2021",9062609.2304
2,"Transporte","2021",
2,"Turismo","2021",
3,"Acuicultura","2021",
3,"Alojamiento","2021",0
3,"Pesca","2021",
3,"Transporte","2021",
3,"Turismo","2021",0
4,"Acuicultura","2021",
4,"Alojamiento","2021",0
4,"Pesca","2021",414936.2896
4,"Transporte","2021",
4,"Turismo","2021",
5,"Acuicultura","2021",
5,"Alojamiento","2021",0
5,"Pesca","2021",41516873.28
5,"Transporte","2021",
5,"Turismo","2021",0
6,"Acuicultura","2021",21094027.072
6,"Alojamiento","2021",0
6,"Pesca","2021",3026490.0432
6,"Transporte","2021",0
6,"Turismo","2021",0
7,"Acuicultura","2021",
7,"Alojamiento","2021",
7,"Pesca","2021",0
7,"Transporte","2021",
7,"Turismo","2021",
8,"Acuicultura","2021",22745396.1824
8,"Alojamiento","2021",0
8,"Pesca","2021",735340.1328
8,"Transporte","2021",0
8,"Turismo","2021",
9,"Acuicultura","2021",2526218.7744
9,"Alojamiento","2021",0
9,"Pesca","2021",15448430.8944
9,"Transporte","2021",
9,"Turismo","2021",
11,"Alojamiento","2021",
11,"Pesca","2021",
12,"Alojamiento","2021",0
12,"Pesca","2021",
12,"Turismo","2021",
14,"Alojamiento","2021",0
14,"Pesca","2021",
14,"Transporte","2021",
14,"Turismo","2021",
15,"Alojamiento","2021",0
15,"Pesca","2021",0
15,"Turismo","2021",
16,"Acuicultura","2021",56278361.2336
16,"Alojamiento","2021",0
16,"Pesca","2021",
16,"Transporte","2021",0
16,"Turismo","2021",0
17,"Acuicultura","2021",
17,"Alojamiento","2021",0
17,"Pesca","2021",
17,"Transporte","2021",
17,"Turismo","2021",
19,"Alojamiento","2021",
19,"Pesca","2021",
18,"Acuicultura","2021",
18,"Alojamiento","2021",0
18,"Pesca","2021",
18,"Turismo","2021",
20,"Acuicultura","2021",720633478.0624
20,"Alojamiento","2021",0
20,"Pesca","2021",
20,"Transporte","2021",
20,"Turismo","2021",
21,"Acuicultura","2021",10511421.4016
21,"Alojamiento","2021",0
21,"Pesca","2021",609136.5136
21,"Transporte","2021",
21,"Turismo","2021",
23,"Acuicultura","2021",2649412.7712
23,"Alojamiento","2021",0
23,"Pesca","2021",
23,"Transporte","2021",
23,"Turismo","2021",
24,"Alojamiento","2021",0
24,"Pesca","2021",
24,"Turismo","2021",
25,"Acuicultura","2021",
25,"Alojamiento","2021",0
25,"Pesca","2021",
25,"Transporte","2021",
25,"Turismo","2021",
26,"Acuicultura","2021",
26,"Alojamiento","2021",0
26,"Pesca","2021",4262393.2352
26,"Transporte","2021",
26,"Turismo","2021",
27,"Acuicultura","2021",
27,"Alojamiento","2021",0
27,"Pesca","2021",
27,"Transporte","2021",
27,"Turismo","2021",0
28,"Acuicultura","2021",1221338.8496
28,"Alojamiento","2021",0
28,"Pesca","2021",18904205.312
28,"Transporte","2021",
28,"Turismo","2021",
29,"Acuicultura","2021",
29,"Alojamiento","2021",0
29,"Pesca","2021",660414138.1376
29,"Transporte","2021",
29,"Turismo","2021",
30,"Acuicultura","2021",
30,"Alojamiento","2021",0
30,"Pesca","2021",0
30,"Transporte","2021",
30,"Turismo","2021",
31,"Acuicultura","2021",0
31,"Alojamiento","2021",
31,"Pesca","2021",
31,"Transporte","2021",
32,"Alojamiento","2021",
32,"Pesca","2021",
32,"Turismo","2021",
33,"Acuicultura","2021",17044686.2384
33,"Alojamiento","2021",0
33,"Pesca","2021",1167806.776
33,"Transporte","2021",0
33,"Turismo","2021",
34,"El Quisco","2021",0
34,"Alojamiento","2021",0
34,"Pesca","2021",
34,"Turismo","2021",
35,"Acuicultura","2021",
35,"Alojamiento","2021",0
35,"Pesca","2021",
35,"Turismo","2021",
36,"Acuicultura","2021",
36,"Alojamiento","2021",0
36,"Pesca","2021",
36,"Transporte","2021",
36,"Turismo","2021",
37,"Acuicultura","2021",
37,"Alojamiento","2021",
37,"Pesca","2021",
37,"Transporte","2021",
37,"Turismo","2021",
38,"Acuicultura","2021",
38,"Alojamiento","2021",0
38,"Pesca","2021",
38,"Transporte","2021",
39,"Acuicultura","2021",3681748.7728
39,"Alojamiento","2021",0
39,"Pesca","2021",0
39,"Transporte","2021",
39,"Turismo","2021",
40,"Acuicultura","2021",
40,"Alojamiento","2021",
40,"Pesca","2021",
40,"Transporte","2021",
40,"Turismo","2021",
41,"Alojamiento","2021",
41,"Pesca","2021",
41,"Transporte","2021",
41,"Turismo","2021",
42,"Acuicultura","2021",
42,"Alojamiento","2021",0
42,"Pesca","2021",
42,"Transporte","2021",
42,"Turismo","2021",
43,"Acuicultura","2021",
43,"Alojamiento","2021",0
43,"Pesca","2021",579397.7216
43,"Transporte","2021",
43,"Turismo","2021",0
44,"Acuicultura","2021",
44,"Alojamiento","2021",0
44,"Pesca","2021",
44,"Turismo","2021",
45,"Acuicultura","2021",
45,"Alojamiento","2021",
45,"Pesca","2021",
45,"Turismo","2021",
46,"Acuicultura","2021",
46,"Alojamiento","2021",0
46,"Pesca","2021",
46,"Transporte","2021",
46,"Turismo","2021",0
47,"Acuicultura","2021",
47,"Alojamiento","2021",0
47,"Pesca","2021",
47,"Transporte","2021",
47,"Turismo","2021",
48,"Alojamiento","2021",
49,"Acuicultura","2021",
49,"Alojamiento","2021",
49,"Pesca","2021",30154652.6672
49,"Transporte","2021",
49,"Turismo","2021",
50,"Alojamiento","2021",0
50,"Pesca","2021",
50,"Turismo","2021",
51,"Alojamiento","2021",
51,"Turismo","2021",
52,"Alojamiento","2021",
52,"Pesca","2021",
52,"Turismo","2021",
53,"Acuicultura","2021",
53,"Alojamiento","2021",
53,"Pesca","2021",
53,"Transporte","2021",
53,"Turismo","2021",
54,"Acuicultura","2021",
54,"Alojamiento","2021",0
54,"Pesca","2021",0
54,"Transporte","2021",
54,"Turismo","2021",
55,"Acuicultura","2021",
55,"Alojamiento","2021",
55,"Pesca","2021",157505494.6064
55,"Transporte","2021",
55,"Turismo","2021",
57,"Acuicultura","2021",0
56,"Alojamiento","2021",0
56,"Pesca","2021",
56,"Transporte","2021",
56,"Turismo","2021",
57,"Acuicultura","2021",4778833.9184
57,"Alojamiento","2021",
57,"Pesca","2021",0
57,"Transporte","2021",
57,"Turismo","2021",
58,"Acuicultura","2021",
58,"Alojamiento","2021",0
58,"Pesca","2021",
58,"Transporte","2021",
59,"Acuicultura","2021",26794912.36
59,"Alojamiento","2021",0
59,"Pesca","2021",17304412.0656
59,"Transporte","2021",0
59,"Turismo","2021",0
60,"Acuicultura","2021",
60,"Alojamiento","2021",0
60,"Pesca","2021",
60,"Turismo","2021",
61,"Acuicultura","2021",
61,"Alojamiento","2021",0
61,"Pesca","2021",2351739.3552
61,"Transporte","2021",
61,"Turismo","2021",
62,"Acuicultura","2021",
62,"Alojamiento","2021",
62,"Pesca","2021",
62,"Transporte","2021",
62,"Turismo","2021",
63,"Acuicultura","2021",
63,"Alojamiento","2021",
63,"Pesca","2021",
63,"Transporte","2021",
63,"Turismo","2021",
64,"Acuicultura","2021",
64,"Alojamiento","2021",0
64,"Pesca","2021",0
64,"Transporte","2021",
64,"Turismo","2021",
65,"Acuicultura","2021",
65,"Alojamiento","2021",
65,"Pesca","2021",
65,"Transporte","2021",
66,"Acuicultura","2021",
66,"Alojamiento","2021",0
66,"Pesca","2021",
66,"Transporte","2021",
66,"Turismo","2021",
67,"Acuicultura","2021",
67,"Alojamiento","2021",0
67,"Pesca","2021",588152.3328
67,"Transporte","2021",
67,"Turismo","2021",
68,"Alojamiento","2021",
69,"Acuicultura","2021",
69,"Alojamiento","2021",0
69,"Pesca","2021",
69,"Transporte","2021",
69,"Turismo","2021",
70,"Acuicultura","2021",15281820147.352
70,"Alojamiento","2021",0
70,"Pesca","2021",291642164.1824
70,"Transporte","2021",108746454.6352
70,"Turismo","2021",0
71,"Acuicultura","2021",186673952.8208
71,"Alojamiento","2021",0
71,"Pesca","2021",
71,"Transporte","2021",0
71,"Turismo","2021",0
72,"Acuicultura","2021",9397827.8432
72,"Alojamiento","2021",0
72,"Pesca","2021",99711862.6784
72,"Transporte","2021",0
72,"Turismo","2021",0
73,"Acuicultura","2021",2685908.152
73,"Alojamiento","2021",0
73,"Pesca","2021",
73,"Transporte","2021",
74,"Turismo","2021",
74,"Acuicultura","2021",
74,"Alojamiento","2021",
74,"Transporte","2021",
74,"Turismo","2021",
75,"Acuicultura","2021",1723230.4768
75,"Alojamiento","2021",
75,"Pesca","2021",1431983.1936
75,"Transporte","2021",
75,"Turismo","2021",
76,"Acuicultura","2021",402902578.7984
76,"Alojamiento","2021",0
76,"Pesca","2021",8608536.6096
76,"Transporte","2021",0
76,"Turismo","2021",
77,"Acuicultura","2021",
77,"Alojamiento","2021",
77,"Pesca","2021",
77,"Transporte","2021",
77,"Turismo","2021",
78,"Acuicultura","2021",7836457.4128
78,"Alojamiento","2021",
78,"Pesca","2021",
78,"Transporte","2021",0
78,"Turismo","2021",
79,"Acuicultura","2021",
79,"Alojamiento","2021",0
79,"Pesca","2021",0
79,"Transporte","2021",
79,"Turismo","2021",
80,"Acuicultura","2021",
80,"Alojamiento","2021",
80,"Pesca","2021",
80,"Transporte","2021",
81,"Río Verde","2021",
81,"Alojamiento","2021",
82,"Acuicultura","2021",
82,"Alojamiento","2021",
82,"Pesca","2021",
82,"Transporte","2021",
82,"Turismo","2021",
83,"Acuicultura","2021",
83,"Alojamiento","2021",0
83,"Pesca","2021",4744155.3712
83,"Transporte","2021",
83,"Turismo","2021",
84,"Alojamiento","2021",
85,"Acuicultura","2021",
85,"Alojamiento","2021",0
85,"Pesca","2021",
85,"Transporte","2021",
85,"Turismo","2021",
86,"Alojamiento","2021",0
86,"Pesca","2021",
86,"Turismo","2021",0
87,"Alojamiento","2021",
87,"Pesca","2021",
87,"Transporte","2021",
87,"Turismo","2021",
88,"Acuicultura","2021",
88,"Alojamiento","2021",0
88,"Pesca","2021",57934336.9456
88,"Transporte","2021",
88,"Turismo","2021",
89,"Acuicultura","2021",
89,"Alojamiento","2021",0
89,"Pesca","2021",0
89,"Turismo","2021",
90,"Alojamiento","2021",
90,"Pesca","2021",
90,"Transporte","2021",
90,"Turismo","2021",
91,"Alojamiento","2021",
91,"Turismo","2021",
92,"Acuicultura","2021",
92,"Alojamiento","2021",0
92,"Pesca","2021",
92,"Transporte","2021",
92,"Turismo","2021",
93,"Acuicultura","2021",0
93,"Alojamiento","2021",0
93,"Pesca","2021",
93,"Transporte","2021",
93,"Turismo","2021",
94,"Acuicultura","2021",
94,"Alojamiento","2021",
94,"Pesca","2021",0
94,"Transporte","2021",
94,"Turismo","2021",
95,"Acuicultura","2021",
95,"Alojamiento","2021",0
95,"Pesca","2021",1413993.7984
95,"Transporte","2021",
95,"Turismo","2021",
96,"Alojamiento","2021",
96,"Transporte","2021",
96,"Turismo","2021",
97,"Alojamiento","2021",
97,"Transporte","2021",
97,"Turismo","2021",
98,"Alojamiento","2021",
98,"Turismo","2021",
99,"Acuicultura","2021",24623896.4688
99,"Alojamiento","2021",0
99,"Pesca","2021",6884743.6832
99,"Transporte","2021",1465690.6048
99,"Turismo","2021",0
100,"Acuicultura","2021",
100,"Alojamiento","2021",0
100,"Pesca","2021",924950.3904
100,"Transporte","2021",0
100,"Turismo","2021",0
101,"Alojamiento","2021",
101,"Pesca","2021",
101,"Turismo","2021",
102,"Acuicultura","2021",
102,"Alojamiento","2021",0
102,"Pesca","2021",
102,"Transporte","2021",
102,"Turismo","2021",0
103,"Zapallar","2021",
103,"Acuicultura","2021",
103,"Alojamiento","2021",
103,"Pesca","2021",
103,"Turismo","2021",
