"rgn_id","Sector","year","jobs"
1,"Alojamiento","2017",14
1,"Pesca","2017",2
2,"Acuicultura","2017",1600
2,"Alojamiento","2017",147
2,"Pesca","2017",274
2,"Transporte","2017",167
2,"Turismo","2017",14
3,"Acuicultura","2017",293
3,"Alojamiento","2017",276
3,"Pesca","2017",69
3,"Transporte","2017",148
3,"Turismo","2017",61
4,"Acuicultura","2017",6
4,"Alojamiento","2017",88
4,"Pesca","2017",71
4,"Transporte","2017",0
4,"Turismo","2017",0
5,"Acuicultura","2017",14
5,"Alojamiento","2017",192
5,"Pesca","2017",916
5,"Transporte","2017",131
5,"Turismo","2017",149
6,"Acuicultura","2017",1123
6,"Alojamiento","2017",131
6,"Pesca","2017",1166
6,"Transporte","2017",225
6,"Turismo","2017",40
7,"Acuicultura","2017",20
7,"Alojamiento","2017",28
7,"Pesca","2017",23
7,"Transporte","2017",0
7,"Turismo","2017",50
8,"Acuicultura","2017",1038
8,"Alojamiento","2017",26
8,"Pesca","2017",377
8,"Transporte","2017",107
8,"Turismo","2017",0
9,"Acuicultura","2017",168
9,"Alojamiento","2017",38
9,"Pesca","2017",828
9,"Transporte","2017",91
9,"Turismo","2017",16
11,"Alojamiento","2017",12
11,"Pesca","2017",1
12,"Alojamiento","2017",27
12,"Pesca","2017",9
12,"Turismo","2017",0
14,"Alojamiento","2017",22
14,"Pesca","2017",24
14,"Turismo","2017",22
15,"Alojamiento","2017",17
15,"Pesca","2017",1
15,"Turismo","2017",0
16,"Acuicultura","2017",2242
16,"Alojamiento","2017",137
16,"Pesca","2017",80
16,"Transporte","2017",532
16,"Turismo","2017",1
17,"Acuicultura","2017",6
17,"Alojamiento","2017",46
17,"Pesca","2017",6
17,"Transporte","2017",13
19,"Alojamiento","2017",14
19,"Pesca","2017",0
18,"Acuicultura","2017",22
18,"Alojamiento","2017",38
18,"Pesca","2017",29
18,"Turismo","2017",0
20,"Acuicultura","2017",3436
20,"Alojamiento","2017",29
20,"Pesca","2017",1062
20,"Transporte","2017",110
20,"Turismo","2017",2
21,"Acuicultura","2017",411
21,"Alojamiento","2017",61
21,"Pesca","2017",19
21,"Transporte","2017",16
21,"Turismo","2017",7
23,"Acuicultura","2017",112
23,"Alojamiento","2017",19
23,"Pesca","2017",2
23,"Transporte","2017",0
23,"Turismo","2017",19
24,"Alojamiento","2017",17
25,"Acuicultura","2017",4
25,"Alojamiento","2017",25
25,"Turismo","2017",0
26,"Acuicultura","2017",1
26,"Alojamiento","2017",62
26,"Pesca","2017",286
26,"Turismo","2017",16
27,"Acuicultura","2017",1
27,"Alojamiento","2017",340
27,"Pesca","2017",51
27,"Turismo","2017",7
28,"Acuicultura","2017",345
28,"Alojamiento","2017",266
28,"Pesca","2017",1618
28,"Transporte","2017",66
28,"Turismo","2017",25
29,"Acuicultura","2017",210
29,"Alojamiento","2017",34
29,"Pesca","2017",6527
29,"Transporte","2017",698
29,"Turismo","2017",0
30,"Acuicultura","2017",36
30,"Alojamiento","2017",7
30,"Pesca","2017",5
30,"Transporte","2017",28
31,"Acuicultura","2017",401
31,"Alojamiento","2017",2
31,"Pesca","2017",0
31,"Transporte","2017",6
32,"Alojamiento","2017",0
32,"Pesca","2017",1
33,"Acuicultura","2017",1857
33,"Alojamiento","2017",32
33,"Pesca","2017",98
33,"Transporte","2017",124
33,"Turismo","2017",1
34,"Alojamiento","2017",83
34,"Pesca","2017",26
34,"Turismo","2017",0
35,"Acuicultura","2017",0
35,"Alojamiento","2017",19
35,"Pesca","2017",2
35,"Turismo","2017",9
36,"Acuicultura","2017",35
36,"Alojamiento","2017",12
36,"Pesca","2017",4
36,"Transporte","2017",2
36,"Turismo","2017",8
37,"Alojamiento","2017",2
37,"Pesca","2017",1
37,"Transporte","2017",0
37,"Turismo","2017",1
38,"Acuicultura","2017",50
38,"Alojamiento","2017",33
38,"Pesca","2017",12
38,"Transporte","2017",13
39,"Acuicultura","2017",149
39,"Alojamiento","2017",24
39,"Pesca","2017",10
39,"Transporte","2017",4
39,"Turismo","2017",2
40,"Acuicultura","2017",32
40,"Alojamiento","2017",5
40,"Pesca","2017",184
40,"Transporte","2017",0
40,"Turismo","2017",10
41,"Alojamiento","2017",2
41,"Pesca","2017",2
41,"Turismo","2017",1
42,"Acuicultura","2017",16
42,"Alojamiento","2017",35
42,"Pesca","2017",3
42,"Turismo","2017",0
43,"Acuicultura","2017",568
43,"Alojamiento","2017",568
43,"Pesca","2017",300
43,"Transporte","2017",121
43,"Turismo","2017",74
44,"Acuicultura","2017",0
44,"Alojamiento","2017",57
44,"Pesca","2017",6
44,"Turismo","2017",0
45,"Acuicultura","2017",1
45,"Alojamiento","2017",5
45,"Pesca","2017",7
45,"Turismo","2017",18
46,"Acuicultura","2017",191
46,"Alojamiento","2017",321
46,"Pesca","2017",108
46,"Transporte","2017",0
46,"Turismo","2017",146
47,"Acuicultura","2017",238
47,"Alojamiento","2017",32
47,"Transporte","2017",13
47,"Turismo","2017",20
48,"Alojamiento","2017",9
49,"Alojamiento","2017",10
49,"Pesca","2017",323
49,"Transporte","2017",0
49,"Turismo","2017",1
50,"Alojamiento","2017",49
50,"Pesca","2017",17
50,"Turismo","2017",1
51,"Alojamiento","2017",41
51,"Turismo","2017",0
52,"Alojamiento","2017",16
53,"Acuicultura","2017",0
53,"Alojamiento","2017",14
53,"Pesca","2017",1
53,"Transporte","2017",0
53,"Turismo","2017",1
54,"Acuicultura","2017",6
54,"Alojamiento","2017",51
54,"Pesca","2017",31
54,"Turismo","2017",2
55,"Acuicultura","2017",60
55,"Alojamiento","2017",21
55,"Pesca","2017",1172
55,"Transporte","2017",210
56,"Acuicultura","2017",3
56,"Alojamiento","2017",44
56,"Pesca","2017",28
56,"Transporte","2017",0
56,"Turismo","2017",1
57,"Acuicultura","2017",153
57,"Alojamiento","2017",1
57,"Pesca","2017",55
57,"Transporte","2017",0
57,"Turismo","2017",0
58,"Acuicultura","2017",52
58,"Alojamiento","2017",84
58,"Pesca","2017",136
58,"Transporte","2017",25
59,"Acuicultura","2017",334
59,"Alojamiento","2017",363
59,"Pesca","2017",1234
59,"Transporte","2017",355
59,"Turismo","2017",258
60,"Alojamiento","2017",31
60,"Pesca","2017",8
60,"Turismo","2017",1
61,"Acuicultura","2017",45
61,"Alojamiento","2017",60
61,"Pesca","2017",68
61,"Transporte","2017",0
61,"Turismo","2017",2
62,"Alojamiento","2017",14
62,"Pesca","2017",90
62,"Transporte","2017",0
62,"Turismo","2017",2
63,"Acuicultura","2017",0
63,"Alojamiento","2017",11
63,"Pesca","2017",16
64,"Alojamiento","2017",54
64,"Pesca","2017",11
64,"Transporte","2017",1
64,"Turismo","2017",0
65,"Acuicultura","2017",20
65,"Alojamiento","2017",1
65,"Pesca","2017",69
65,"Transporte","2017",2
66,"Acuicultura","2017",5
66,"Alojamiento","2017",167
66,"Pesca","2017",31
66,"Turismo","2017",1
67,"Acuicultura","2017",1426
67,"Alojamiento","2017",50
67,"Pesca","2017",861
67,"Transporte","2017",176
67,"Turismo","2017",4
68,"Alojamiento","2017",36
69,"Acuicultura","2017",9
69,"Alojamiento","2017",22
69,"Pesca","2017",12
69,"Turismo","2017",2
70,"Acuicultura","2017",30443
70,"Alojamiento","2017",273
70,"Pesca","2017",4962
70,"Transporte","2017",5056
71,"Acuicultura","2017",3880
71,"Alojamiento","2017",91
71,"Pesca","2017",1265
71,"Transporte","2017",246
71,"Turismo","2017",173
72,"Acuicultura","2017",917
72,"Alojamiento","2017",770
72,"Pesca","2017",2575
72,"Transporte","2017",340
72,"Turismo","2017",457
73,"Acuicultura","2017",42
73,"Alojamiento","2017",4
73,"Pesca","2017",2
73,"Transporte","2017",19
74,"Acuicultura","2017",0
74,"Alojamiento","2017",7
74,"Transporte","2017",0
74,"Turismo","2017",6
75,"Acuicultura","2017",80
75,"Alojamiento","2017",3
75,"Pesca","2017",59
75,"Transporte","2017",11
75,"Turismo","2017",0
76,"Acuicultura","2017",708
76,"Alojamiento","2017",50
76,"Pesca","2017",1261
76,"Transporte","2017",63
76,"Turismo","2017",16
77,"Acuicultura","2017",195
77,"Alojamiento","2017",5
77,"Pesca","2017",35
78,"Acuicultura","2017",243
78,"Alojamiento","2017",14
78,"Pesca","2017",10
78,"Transporte","2017",12
78,"Turismo","2017",0
79,"Acuicultura","2017",35
79,"Alojamiento","2017",38
79,"Pesca","2017",433
79,"Transporte","2017",143
79,"Turismo","2017",40
80,"Alojamiento","2017",3
80,"Transporte","2017",2
81,"Alojamiento","2017",0
82,"Alojamiento","2017",3
82,"Transporte","2017",0
82,"Turismo","2017",0
83,"Acuicultura","2017",37
83,"Alojamiento","2017",45
83,"Pesca","2017",848
83,"Transporte","2017",20
83,"Turismo","2017",0
84,"Alojamiento","2017",23
85,"Acuicultura","2017",4
85,"Alojamiento","2017",23
85,"Pesca","2017",6
85,"Transporte","2017",0
85,"Turismo","2017",12
86,"Alojamiento","2017",250
86,"Pesca","2017",0
86,"Turismo","2017",233
87,"Alojamiento","2017",4
87,"Pesca","2017",250
87,"Transporte","2017",1
87,"Turismo","2017",1
88,"Acuicultura","2017",223
88,"Alojamiento","2017",45
88,"Pesca","2017",3715
88,"Transporte","2017",108
88,"Turismo","2017",23
89,"Acuicultura","2017",4
89,"Alojamiento","2017",31
89,"Pesca","2017",55
89,"Turismo","2017",0
90,"Alojamiento","2017",5
90,"Turismo","2017",1
91,"Alojamiento","2017",0
91,"Turismo","2017",0
92,"Acuicultura","2017",1
92,"Alojamiento","2017",6
92,"Pesca","2017",15
92,"Transporte","2017",0
92,"Turismo","2017",0
93,"Acuicultura","2017",80
93,"Alojamiento","2017",17
93,"Pesca","2017",23
93,"Transporte","2017",30
93,"Turismo","2017",13
94,"Acuicultura","2017",3
94,"Alojamiento","2017",14
94,"Pesca","2017",27
94,"Transporte","2017",0
94,"Turismo","2017",3
95,"Acuicultura","2017",3
95,"Alojamiento","2017",46
95,"Pesca","2017",971
95,"Transporte","2017",0
95,"Turismo","2017",0
96,"Alojamiento","2017",30
96,"Transporte","2017",4
96,"Turismo","2017",0
97,"Alojamiento","2017",0
97,"Transporte","2017",0
97,"Turismo","2017",0
98,"Alojamiento","2017",2
99,"Acuicultura","2017",736
99,"Alojamiento","2017",414
99,"Pesca","2017",579
99,"Transporte","2017",214
99,"Turismo","2017",38
100,"Acuicultura","2017",23
100,"Alojamiento","2017",487
100,"Pesca","2017",261
100,"Transporte","2017",4792
100,"Turismo","2017",76
101,"Alojamiento","2017",34
101,"Pesca","2017",17
101,"Turismo","2017",1
102,"Acuicultura","2017",69
102,"Alojamiento","2017",518
102,"Pesca","2017",24
102,"Transporte","2017",183
102,"Turismo","2017",335
103,"Acuicultura","2017",14
103,"Alojamiento","2017",6
103,"Pesca","2017",1
1,"Alojamiento","2018",16
1,"Pesca","2018",0
2,"Acuicultura","2018",1795
2,"Alojamiento","2018",104
2,"Pesca","2018",190
2,"Transporte","2018",198
2,"Turismo","2018",12
3,"Acuicultura","2018",244
3,"Alojamiento","2018",354
3,"Pesca","2018",37
3,"Transporte","2018",14
3,"Turismo","2018",43
4,"Acuicultura","2018",2
4,"Alojamiento","2018",82
4,"Pesca","2018",46
4,"Transporte","2018",4
4,"Turismo","2018",0
5,"Acuicultura","2018",10
5,"Alojamiento","2018",251
5,"Pesca","2018",864
5,"Transporte","2018",137
5,"Turismo","2018",124
6,"Acuicultura","2018",734
6,"Alojamiento","2018",124
6,"Pesca","2018",44
6,"Transporte","2018",646
6,"Turismo","2018",24
7,"Acuicultura","2018",0
7,"Alojamiento","2018",19
7,"Pesca","2018",55
7,"Transporte","2018",4
7,"Turismo","2018",109
8,"Acuicultura","2018",895
8,"Alojamiento","2018",27
8,"Pesca","2018",423
8,"Transporte","2018",66
8,"Turismo","2018",2
9,"Acuicultura","2018",207
9,"Alojamiento","2018",49
9,"Pesca","2018",819
9,"Transporte","2018",79
9,"Turismo","2018",17
11,"Alojamiento","2018",12
11,"Pesca","2018",0
12,"Alojamiento","2018",25
12,"Pesca","2018",0
12,"Turismo","2018",2
14,"Alojamiento","2018",35
14,"Pesca","2018",24
14,"Turismo","2018",16
15,"Alojamiento","2018",35
15,"Pesca","2018",1
15,"Turismo","2018",20
16,"Acuicultura","2018",2199
16,"Alojamiento","2018",91
16,"Pesca","2018",474
16,"Transporte","2018",511
16,"Turismo","2018",65
17,"Acuicultura","2018",7
17,"Alojamiento","2018",64
17,"Pesca","2018",4
17,"Transporte","2018",30
19,"Alojamiento","2018",17
19,"Pesca","2018",0
18,"Acuicultura","2018",28
18,"Alojamiento","2018",41
18,"Pesca","2018",22
18,"Turismo","2018",0
20,"Acuicultura","2018",3607
20,"Alojamiento","2018",38
20,"Pesca","2018",1025
20,"Transporte","2018",166
20,"Turismo","2018",4
21,"Acuicultura","2018",229
21,"Alojamiento","2018",87
21,"Pesca","2018",16
21,"Transporte","2018",121
21,"Turismo","2018",2
23,"Acuicultura","2018",86
23,"Alojamiento","2018",26
23,"Pesca","2018",2
23,"Transporte","2018",3
23,"Turismo","2018",0
24,"Alojamiento","2018",18
25,"Acuicultura","2018",4
25,"Alojamiento","2018",55
25,"Turismo","2018",1
26,"Acuicultura","2018",1
26,"Alojamiento","2018",103
26,"Pesca","2018",214
26,"Turismo","2018",6
27,"Acuicultura","2018",2
27,"Alojamiento","2018",487
27,"Pesca","2018",17
27,"Turismo","2018",35
28,"Acuicultura","2018",362
28,"Alojamiento","2018",262
28,"Pesca","2018",1645
28,"Transporte","2018",60
28,"Turismo","2018",4
29,"Acuicultura","2018",140
29,"Alojamiento","2018",34
29,"Pesca","2018",5818
29,"Transporte","2018",816
29,"Turismo","2018",0
30,"Acuicultura","2018",1
30,"Alojamiento","2018",4
30,"Pesca","2018",28
30,"Transporte","2018",127
31,"Acuicultura","2018",452
31,"Alojamiento","2018",0
31,"Pesca","2018",0
31,"Transporte","2018",0
32,"Alojamiento","2018",0
32,"Pesca","2018",1
33,"Acuicultura","2018",698
33,"Alojamiento","2018",47
33,"Pesca","2018",26
33,"Transporte","2018",243
33,"Turismo","2018",0
34,"Alojamiento","2018",50
34,"Pesca","2018",26
34,"Turismo","2018",2
35,"Acuicultura","2018",0
35,"Alojamiento","2018",14
35,"Pesca","2018",2
35,"Turismo","2018",19
36,"Acuicultura","2018",47
36,"Alojamiento","2018",9
36,"Pesca","2018",3
36,"Transporte","2018",9
36,"Turismo","2018",2
37,"Alojamiento","2018",9
37,"Pesca","2018",0
37,"Transporte","2018",1
37,"Turismo","2018",0
38,"Acuicultura","2018",53
38,"Alojamiento","2018",19
38,"Pesca","2018",12
38,"Transporte","2018",64
39,"Acuicultura","2018",124
39,"Alojamiento","2018",36
39,"Pesca","2018",9
39,"Transporte","2018",5
39,"Turismo","2018",8
40,"Acuicultura","2018",0
40,"Alojamiento","2018",6
40,"Pesca","2018",367
40,"Transporte","2018",61
40,"Turismo","2018",8
41,"Alojamiento","2018",4
41,"Pesca","2018",0
41,"Turismo","2018",1
42,"Acuicultura","2018",12
42,"Alojamiento","2018",21
42,"Pesca","2018",8
42,"Turismo","2018",2
43,"Acuicultura","2018",30
43,"Alojamiento","2018",308
43,"Pesca","2018",141
43,"Transporte","2018",167
43,"Turismo","2018",115
44,"Acuicultura","2018",0
44,"Alojamiento","2018",21
44,"Pesca","2018",4
44,"Turismo","2018",0
45,"Acuicultura","2018",2
45,"Alojamiento","2018",11
45,"Pesca","2018",8
45,"Turismo","2018",17
46,"Acuicultura","2018",125
46,"Alojamiento","2018",350
46,"Pesca","2018",75
46,"Transporte","2018",1
46,"Turismo","2018",108
47,"Acuicultura","2018",141
47,"Alojamiento","2018",38
47,"Transporte","2018",1
47,"Turismo","2018",1
48,"Alojamiento","2018",1
49,"Alojamiento","2018",14
49,"Pesca","2018",311
49,"Transporte","2018",14
49,"Turismo","2018",1
50,"Alojamiento","2018",55
50,"Pesca","2018",4
50,"Turismo","2018",0
51,"Alojamiento","2018",16
51,"Turismo","2018",3
52,"Alojamiento","2018",16
53,"Acuicultura","2018",0
53,"Alojamiento","2018",7
53,"Pesca","2018",1
53,"Transporte","2018",0
53,"Turismo","2018",0
54,"Acuicultura","2018",4
54,"Alojamiento","2018",57
54,"Pesca","2018",18
54,"Turismo","2018",1
55,"Acuicultura","2018",44
55,"Alojamiento","2018",14
55,"Pesca","2018",1432
55,"Transporte","2018",155
56,"Acuicultura","2018",1
56,"Alojamiento","2018",65
56,"Pesca","2018",7
56,"Transporte","2018",33
56,"Turismo","2018",1
57,"Acuicultura","2018",259
57,"Alojamiento","2018",5
57,"Pesca","2018",64
57,"Transporte","2018",0
57,"Turismo","2018",1
58,"Acuicultura","2018",34
58,"Alojamiento","2018",36
58,"Pesca","2018",194
58,"Transporte","2018",1
59,"Acuicultura","2018",1657
59,"Alojamiento","2018",330
59,"Pesca","2018",566
59,"Transporte","2018",177
59,"Turismo","2018",770
60,"Alojamiento","2018",29
60,"Pesca","2018",5
60,"Turismo","2018",14
61,"Acuicultura","2018",34
61,"Alojamiento","2018",58
61,"Pesca","2018",64
61,"Transporte","2018",1
61,"Turismo","2018",2
62,"Alojamiento","2018",10
62,"Pesca","2018",89
62,"Transporte","2018",0
62,"Turismo","2018",4
63,"Acuicultura","2018",2
63,"Alojamiento","2018",0
63,"Pesca","2018",7
64,"Alojamiento","2018",34
64,"Pesca","2018",11
64,"Transporte","2018",1
64,"Turismo","2018",3
65,"Acuicultura","2018",17
65,"Alojamiento","2018",1
65,"Pesca","2018",62
65,"Transporte","2018",42
66,"Acuicultura","2018",0
66,"Alojamiento","2018",130
66,"Pesca","2018",21
66,"Turismo","2018",3
67,"Acuicultura","2018",1338
67,"Alojamiento","2018",58
67,"Pesca","2018",742
67,"Transporte","2018",146
67,"Turismo","2018",13
68,"Alojamiento","2018",41
69,"Acuicultura","2018",0
69,"Alojamiento","2018",17
69,"Pesca","2018",11
69,"Turismo","2018",1
70,"Acuicultura","2018",31215
70,"Alojamiento","2018",320
70,"Pesca","2018",6819
70,"Transporte","2018",8470
71,"Acuicultura","2018",3994
71,"Alojamiento","2018",130
71,"Pesca","2018",1189
71,"Transporte","2018",203
71,"Turismo","2018",309
72,"Acuicultura","2018",926
72,"Alojamiento","2018",324
72,"Pesca","2018",2738
72,"Transporte","2018",971
72,"Turismo","2018",479
73,"Acuicultura","2018",208
73,"Alojamiento","2018",4
73,"Pesca","2018",6
73,"Transporte","2018",22
74,"Acuicultura","2018",0
74,"Alojamiento","2018",16
74,"Transporte","2018",2
74,"Turismo","2018",0
75,"Acuicultura","2018",57
75,"Alojamiento","2018",4
75,"Pesca","2018",53
75,"Transporte","2018",10
75,"Turismo","2018",1
76,"Acuicultura","2018",1117
76,"Alojamiento","2018",135
76,"Pesca","2018",1135
76,"Transporte","2018",318
76,"Turismo","2018",3
77,"Acuicultura","2018",232
77,"Alojamiento","2018",4
77,"Pesca","2018",51
78,"Acuicultura","2018",250
78,"Alojamiento","2018",7
78,"Pesca","2018",0
78,"Transporte","2018",84
78,"Turismo","2018",0
79,"Acuicultura","2018",47
79,"Alojamiento","2018",27
79,"Pesca","2018",372
79,"Transporte","2018",106
79,"Turismo","2018",23
80,"Alojamiento","2018",6
80,"Transporte","2018",1
81,"Alojamiento","2018",0
82,"Alojamiento","2018",3
82,"Transporte","2018",0
82,"Turismo","2018",0
83,"Acuicultura","2018",78
83,"Alojamiento","2018",45
83,"Pesca","2018",762
83,"Transporte","2018",10
83,"Turismo","2018",19
84,"Alojamiento","2018",12
85,"Acuicultura","2018",3
85,"Alojamiento","2018",9
85,"Pesca","2018",3
85,"Transporte","2018",1
85,"Turismo","2018",1
86,"Alojamiento","2018",337
86,"Pesca","2018",0
86,"Turismo","2018",421
87,"Alojamiento","2018",2
87,"Pesca","2018",55
87,"Transporte","2018",212
87,"Turismo","2018",2
88,"Acuicultura","2018",93
88,"Alojamiento","2018",21
88,"Pesca","2018",3867
88,"Transporte","2018",99
88,"Turismo","2018",18
89,"Acuicultura","2018",3
89,"Alojamiento","2018",29
89,"Pesca","2018",33
89,"Turismo","2018",0
90,"Alojamiento","2018",10
90,"Turismo","2018",2
91,"Alojamiento","2018",9
91,"Turismo","2018",0
92,"Acuicultura","2018",0
92,"Alojamiento","2018",8
92,"Pesca","2018",19
92,"Transporte","2018",0
92,"Turismo","2018",0
93,"Acuicultura","2018",51
93,"Alojamiento","2018",17
93,"Pesca","2018",10
93,"Transporte","2018",29
93,"Turismo","2018",14
94,"Acuicultura","2018",4
94,"Alojamiento","2018",11
94,"Pesca","2018",35
94,"Transporte","2018",2
94,"Turismo","2018",0
95,"Acuicultura","2018",1
95,"Alojamiento","2018",22
95,"Pesca","2018",954
95,"Transporte","2018",0
95,"Turismo","2018",1
96,"Alojamiento","2018",52
96,"Transporte","2018",0
96,"Turismo","2018",3
97,"Alojamiento","2018",2
97,"Transporte","2018",1
97,"Turismo","2018",1
98,"Alojamiento","2018",2
99,"Acuicultura","2018",743
99,"Alojamiento","2018",395
99,"Pesca","2018",703
99,"Transporte","2018",346
99,"Turismo","2018",47
100,"Acuicultura","2018",21
100,"Alojamiento","2018",429
100,"Pesca","2018",150
100,"Transporte","2018",544
100,"Turismo","2018",54
101,"Alojamiento","2018",37
101,"Pesca","2018",12
101,"Turismo","2018",0
102,"Acuicultura","2018",31
102,"Alojamiento","2018",375
102,"Pesca","2018",4
102,"Transporte","2018",229
102,"Turismo","2018",310
103,"Acuicultura","2018",0
103,"Alojamiento","2018",1
103,"Pesca","2018",0
1,"Alojamiento","2019",22
1,"Pesca","2019",0
2,"Acuicultura","2019",817
2,"Alojamiento","2019",93
2,"Pesca","2019",170
2,"Transporte","2019",208
2,"Turismo","2019",5
3,"Acuicultura","2019",141
3,"Alojamiento","2019",316
3,"Pesca","2019",172
3,"Transporte","2019",94
3,"Turismo","2019",35
4,"Acuicultura","2019",4
4,"Alojamiento","2019",98
4,"Pesca","2019",39
4,"Transporte","2019",0
4,"Turismo","2019",10
5,"Acuicultura","2019",17
5,"Alojamiento","2019",217
5,"Pesca","2019",973
5,"Transporte","2019",135
5,"Turismo","2019",112
6,"Acuicultura","2019",1059
6,"Alojamiento","2019",90
6,"Pesca","2019",64
6,"Transporte","2019",448
6,"Turismo","2019",31
7,"Acuicultura","2019",0
7,"Alojamiento","2019",6
7,"Pesca","2019",52
7,"Transporte","2019",8
7,"Turismo","2019",129
8,"Acuicultura","2019",967
8,"Alojamiento","2019",27
8,"Pesca","2019",407
8,"Transporte","2019",189
8,"Turismo","2019",0
9,"Acuicultura","2019",163
9,"Alojamiento","2019",19
9,"Pesca","2019",916
9,"Transporte","2019",90
9,"Turismo","2019",26
11,"Alojamiento","2019",8
11,"Pesca","2019",0
12,"Alojamiento","2019",18
12,"Pesca","2019",1
12,"Turismo","2019",13
14,"Alojamiento","2019",36
14,"Pesca","2019",13
14,"Turismo","2019",18
15,"Alojamiento","2019",52
15,"Pesca","2019",1
15,"Turismo","2019",22
16,"Acuicultura","2019",2593
16,"Alojamiento","2019",87
16,"Pesca","2019",227
16,"Transporte","2019",647
16,"Turismo","2019",14
17,"Acuicultura","2019",10
17,"Alojamiento","2019",65
17,"Pesca","2019",6
17,"Transporte","2019",25
19,"Alojamiento","2019",22
19,"Pesca","2019",1
18,"Acuicultura","2019",7
18,"Alojamiento","2019",8
18,"Pesca","2019",48
18,"Turismo","2019",1
20,"Acuicultura","2019",4307
20,"Alojamiento","2019",20
20,"Pesca","2019",751
20,"Transporte","2019",177
20,"Turismo","2019",2
21,"Acuicultura","2019",369
21,"Alojamiento","2019",76
21,"Pesca","2019",11
21,"Transporte","2019",41
21,"Turismo","2019",4
23,"Acuicultura","2019",148
23,"Alojamiento","2019",21
23,"Pesca","2019",1
23,"Transporte","2019",2
23,"Turismo","2019",28
24,"Alojamiento","2019",12
25,"Acuicultura","2019",2
25,"Alojamiento","2019",28
25,"Turismo","2019",3
26,"Acuicultura","2019",1
26,"Alojamiento","2019",61
26,"Pesca","2019",179
26,"Turismo","2019",0
27,"Acuicultura","2019",8
27,"Alojamiento","2019",139
27,"Pesca","2019",40
27,"Turismo","2019",25
28,"Acuicultura","2019",326
28,"Alojamiento","2019",149
28,"Pesca","2019",1304
28,"Transporte","2019",53
28,"Turismo","2019",7
29,"Acuicultura","2019",157
29,"Alojamiento","2019",13
29,"Pesca","2019",4623
29,"Transporte","2019",561
29,"Turismo","2019",0
30,"Acuicultura","2019",36
30,"Alojamiento","2019",3
30,"Pesca","2019",28
30,"Transporte","2019",123
31,"Acuicultura","2019",427
31,"Alojamiento","2019",1
31,"Pesca","2019",0
31,"Transporte","2019",0
32,"Alojamiento","2019",1
32,"Pesca","2019",1
33,"Acuicultura","2019",1300
33,"Alojamiento","2019",34
33,"Pesca","2019",44
33,"Transporte","2019",197
33,"Turismo","2019",0
34,"Alojamiento","2019",55
34,"Pesca","2019",24
34,"Turismo","2019",0
35,"Acuicultura","2019",34
35,"Alojamiento","2019",20
35,"Pesca","2019",0
35,"Turismo","2019",13
36,"Acuicultura","2019",23
36,"Alojamiento","2019",6
36,"Pesca","2019",2
36,"Transporte","2019",3
36,"Turismo","2019",3
37,"Alojamiento","2019",9
37,"Pesca","2019",0
37,"Transporte","2019",4
37,"Turismo","2019",1
38,"Acuicultura","2019",59
38,"Alojamiento","2019",14
38,"Pesca","2019",3
38,"Transporte","2019",56
39,"Acuicultura","2019",118
39,"Alojamiento","2019",35
39,"Pesca","2019",71
39,"Transporte","2019",6
39,"Turismo","2019",14
40,"Acuicultura","2019",2
40,"Alojamiento","2019",8
40,"Pesca","2019",205
40,"Transporte","2019",89
40,"Turismo","2019",1
41,"Alojamiento","2019",5
41,"Pesca","2019",2
41,"Turismo","2019",2
42,"Acuicultura","2019",12
42,"Alojamiento","2019",17
42,"Pesca","2019",4
42,"Turismo","2019",2
43,"Acuicultura","2019",25
43,"Alojamiento","2019",430
43,"Pesca","2019",136
43,"Transporte","2019",132
43,"Turismo","2019",72
44,"Acuicultura","2019",0
44,"Alojamiento","2019",20
44,"Pesca","2019",4
44,"Turismo","2019",1
45,"Acuicultura","2019",4
45,"Alojamiento","2019",9
45,"Pesca","2019",10
45,"Turismo","2019",22
46,"Acuicultura","2019",139
46,"Alojamiento","2019",337
46,"Pesca","2019",87
46,"Transporte","2019",0
46,"Turismo","2019",59
47,"Acuicultura","2019",104
47,"Alojamiento","2019",42
47,"Transporte","2019",2
47,"Turismo","2019",2
48,"Alojamiento","2019",2
49,"Alojamiento","2019",9
49,"Pesca","2019",262
49,"Transporte","2019",8
49,"Turismo","2019",2
50,"Alojamiento","2019",49
50,"Pesca","2019",18
50,"Turismo","2019",0
51,"Alojamiento","2019",12
51,"Turismo","2019",0
52,"Alojamiento","2019",5
53,"Acuicultura","2019",0
53,"Alojamiento","2019",13
53,"Pesca","2019",0
53,"Transporte","2019",0
53,"Turismo","2019",0
54,"Acuicultura","2019",2
54,"Alojamiento","2019",90
54,"Pesca","2019",22
54,"Turismo","2019",2
55,"Acuicultura","2019",33
55,"Alojamiento","2019",11
55,"Pesca","2019",1144
55,"Transporte","2019",140
56,"Acuicultura","2019",1
56,"Alojamiento","2019",71
56,"Pesca","2019",15
56,"Transporte","2019",71
56,"Turismo","2019",0
57,"Acuicultura","2019",274
57,"Alojamiento","2019",3
57,"Pesca","2019",97
57,"Transporte","2019",0
57,"Turismo","2019",0
58,"Acuicultura","2019",91
58,"Alojamiento","2019",26
58,"Pesca","2019",174
58,"Transporte","2019",11
59,"Acuicultura","2019",849
59,"Alojamiento","2019",340
59,"Pesca","2019",1406
59,"Transporte","2019",304
59,"Turismo","2019",901
60,"Alojamiento","2019",31
60,"Pesca","2019",0
60,"Turismo","2019",2
61,"Acuicultura","2019",20
61,"Alojamiento","2019",44
61,"Pesca","2019",51
61,"Transporte","2019",0
61,"Turismo","2019",6
62,"Alojamiento","2019",5
62,"Pesca","2019",7
62,"Transporte","2019",3
62,"Turismo","2019",7
63,"Acuicultura","2019",0
63,"Alojamiento","2019",0
63,"Pesca","2019",8
64,"Alojamiento","2019",25
64,"Pesca","2019",9
64,"Transporte","2019",0
64,"Turismo","2019",4
65,"Acuicultura","2019",13
65,"Alojamiento","2019",2
65,"Pesca","2019",125
65,"Transporte","2019",1
66,"Acuicultura","2019",0
66,"Alojamiento","2019",170
66,"Pesca","2019",16
66,"Turismo","2019",27
67,"Acuicultura","2019",162
67,"Alojamiento","2019",83
67,"Pesca","2019",2005
67,"Transporte","2019",147
67,"Turismo","2019",4
68,"Alojamiento","2019",30
69,"Acuicultura","2019",0
69,"Alojamiento","2019",22
69,"Pesca","2019",6
69,"Turismo","2019",0
70,"Acuicultura","2019",31388
70,"Alojamiento","2019",294
70,"Pesca","2019",6511
70,"Transporte","2019",11053
71,"Acuicultura","2019",3429
71,"Alojamiento","2019",186
71,"Pesca","2019",2355
71,"Transporte","2019",711
71,"Turismo","2019",924
72,"Acuicultura","2019",995
72,"Alojamiento","2019",804
72,"Pesca","2019",3152
72,"Transporte","2019",1099
72,"Turismo","2019",591
73,"Acuicultura","2019",351
73,"Alojamiento","2019",4
73,"Pesca","2019",3
73,"Transporte","2019",20
74,"Acuicultura","2019",0
74,"Alojamiento","2019",16
74,"Transporte","2019",2
74,"Turismo","2019",0
75,"Acuicultura","2019",52
75,"Alojamiento","2019",2
75,"Pesca","2019",239
75,"Transporte","2019",7
75,"Turismo","2019",0
76,"Acuicultura","2019",1449
76,"Alojamiento","2019",122
76,"Pesca","2019",1395
76,"Transporte","2019",372
76,"Turismo","2019",2
77,"Acuicultura","2019",501
77,"Alojamiento","2019",6
77,"Pesca","2019",61
78,"Acuicultura","2019",430
78,"Alojamiento","2019",12
78,"Pesca","2019",22
78,"Transporte","2019",100
78,"Turismo","2019",0
79,"Acuicultura","2019",43
79,"Alojamiento","2019",87
79,"Pesca","2019",311
79,"Transporte","2019",179
79,"Turismo","2019",21
80,"Alojamiento","2019",6
80,"Transporte","2019",2
81,"Alojamiento","2019",1
82,"Alojamiento","2019",2
82,"Transporte","2019",13
82,"Turismo","2019",4
83,"Acuicultura","2019",0
83,"Alojamiento","2019",16
83,"Pesca","2019",681
83,"Transporte","2019",4
83,"Turismo","2019",0
84,"Alojamiento","2019",16
85,"Acuicultura","2019",0
85,"Alojamiento","2019",7
85,"Pesca","2019",2
85,"Transporte","2019",1
85,"Turismo","2019",1
86,"Alojamiento","2019",251
86,"Pesca","2019",0
86,"Turismo","2019",524
87,"Alojamiento","2019",3
87,"Pesca","2019",48
87,"Transporte","2019",217
87,"Turismo","2019",4
88,"Acuicultura","2019",74
88,"Alojamiento","2019",21
88,"Pesca","2019",3733
88,"Transporte","2019",66
88,"Turismo","2019",10
89,"Acuicultura","2019",1
89,"Alojamiento","2019",23
89,"Pesca","2019",45
89,"Turismo","2019",1
90,"Alojamiento","2019",5
90,"Turismo","2019",4
91,"Alojamiento","2019",10
91,"Turismo","2019",6
92,"Acuicultura","2019",0
92,"Alojamiento","2019",5
92,"Pesca","2019",16
92,"Transporte","2019",1
92,"Turismo","2019",11
93,"Acuicultura","2019",112
93,"Alojamiento","2019",14
93,"Pesca","2019",2
93,"Transporte","2019",16
93,"Turismo","2019",11
94,"Acuicultura","2019",3
94,"Alojamiento","2019",14
94,"Pesca","2019",8
94,"Transporte","2019",0
94,"Turismo","2019",6
95,"Acuicultura","2019",2
95,"Alojamiento","2019",28
95,"Pesca","2019",894
95,"Transporte","2019",0
95,"Turismo","2019",2
96,"Alojamiento","2019",38
96,"Transporte","2019",0
96,"Turismo","2019",1
97,"Alojamiento","2019",8
97,"Transporte","2019",1
97,"Turismo","2019",3
98,"Alojamiento","2019",0
99,"Acuicultura","2019",1000
99,"Alojamiento","2019",474
99,"Pesca","2019",423
99,"Transporte","2019",465
99,"Turismo","2019",56
100,"Acuicultura","2019",15
100,"Alojamiento","2019",377
100,"Pesca","2019",287
100,"Transporte","2019",4491
100,"Turismo","2019",70
101,"Alojamiento","2019",42
101,"Pesca","2019",17
101,"Turismo","2019",0
102,"Acuicultura","2019",83
102,"Alojamiento","2019",386
102,"Pesca","2019",8
102,"Transporte","2019",66
102,"Turismo","2019",362
103,"Acuicultura","2019",0
103,"Alojamiento","2019",1
103,"Pesca","2019",0
1,"Alojamiento","2020",18
1,"Pesca","2020",0
2,"Acuicultura","2020",776
2,"Alojamiento","2020",80
2,"Pesca","2020",170
2,"Transporte","2020",201
2,"Turismo","2020",9
3,"Acuicultura","2020",121
3,"Alojamiento","2020",253
3,"Pesca","2020",227
3,"Transporte","2020",66
3,"Turismo","2020",19
4,"Acuicultura","2020",5
4,"Alojamiento","2020",104
4,"Pesca","2020",26
4,"Transporte","2020",0
4,"Turismo","2020",0
5,"Acuicultura","2020",15
5,"Alojamiento","2020",160
5,"Pesca","2020",1110
5,"Transporte","2020",14
5,"Turismo","2020",111
6,"Acuicultura","2020",876
6,"Alojamiento","2020",57
6,"Pesca","2020",62
6,"Transporte","2020",792
6,"Turismo","2020",25
7,"Acuicultura","2020",22
7,"Alojamiento","2020",6
7,"Pesca","2020",29
7,"Transporte","2020",1
7,"Turismo","2020",98
8,"Acuicultura","2020",1027
8,"Alojamiento","2020",32
8,"Pesca","2020",361
8,"Transporte","2020",178
8,"Turismo","2020",0
9,"Acuicultura","2020",133
9,"Alojamiento","2020",12
9,"Pesca","2020",791
9,"Transporte","2020",73
9,"Turismo","2020",20
11,"Alojamiento","2020",14
11,"Pesca","2020",0
12,"Alojamiento","2020",16
12,"Pesca","2020",0
12,"Turismo","2020",2
14,"Alojamiento","2020",29
14,"Pesca","2020",27
14,"Turismo","2020",0
15,"Alojamiento","2020",41
15,"Pesca","2020",0
15,"Turismo","2020",0
16,"Acuicultura","2020",2380
16,"Alojamiento","2020",63
16,"Pesca","2020",42
16,"Transporte","2020",628
16,"Turismo","2020",55
17,"Acuicultura","2020",25
17,"Alojamiento","2020",28
17,"Pesca","2020",1
17,"Transporte","2020",51
19,"Alojamiento","2020",22
19,"Pesca","2020",0
18,"Acuicultura","2020",7
18,"Alojamiento","2020",23
18,"Pesca","2020",41
18,"Turismo","2020",0
20,"Acuicultura","2020",4486
20,"Alojamiento","2020",20
20,"Pesca","2020",1
20,"Transporte","2020",208
20,"Turismo","2020",0
21,"Acuicultura","2020",441
21,"Alojamiento","2020",72
21,"Pesca","2020",11
21,"Transporte","2020",17
21,"Turismo","2020",3
23,"Acuicultura","2020",164
23,"Alojamiento","2020",28
23,"Pesca","2020",1
23,"Transporte","2020",5
23,"Turismo","2020",42
24,"Alojamiento","2020",16
25,"Acuicultura","2020",0
25,"Alojamiento","2020",37
25,"Turismo","2020",3
26,"Acuicultura","2020",1
26,"Alojamiento","2020",65
26,"Pesca","2020",103
26,"Turismo","2020",0
27,"Acuicultura","2020",0
27,"Alojamiento","2020",361
27,"Pesca","2020",41
27,"Turismo","2020",8
28,"Acuicultura","2020",263
28,"Alojamiento","2020",174
28,"Pesca","2020",1611
28,"Transporte","2020",39
28,"Turismo","2020",19
29,"Acuicultura","2020",249
29,"Alojamiento","2020",21
29,"Pesca","2020",4730
29,"Transporte","2020",534
29,"Turismo","2020",4
30,"Acuicultura","2020",1
30,"Alojamiento","2020",7
30,"Pesca","2020",27
30,"Transporte","2020",29
31,"Acuicultura","2020",464
31,"Alojamiento","2020",2
31,"Pesca","2020",0
31,"Transporte","2020",18
32,"Alojamiento","2020",1
32,"Pesca","2020",0
33,"Acuicultura","2020",640
33,"Alojamiento","2020",31
33,"Pesca","2020",335
33,"Transporte","2020",267
33,"Turismo","2020",0
34,"Alojamiento","2020",56
34,"Pesca","2020",7
34,"Turismo","2020",4
35,"Acuicultura","2020",0
35,"Alojamiento","2020",15
35,"Pesca","2020",1
35,"Turismo","2020",0
36,"Acuicultura","2020",29
36,"Alojamiento","2020",6
36,"Pesca","2020",1
36,"Transporte","2020",3
36,"Turismo","2020",0
37,"Alojamiento","2020",8
37,"Pesca","2020",0
37,"Transporte","2020",4
37,"Turismo","2020",0
38,"Acuicultura","2020",23
38,"Alojamiento","2020",6
38,"Pesca","2020",4
38,"Transporte","2020",91
39,"Acuicultura","2020",133
39,"Alojamiento","2020",32
39,"Pesca","2020",59
39,"Transporte","2020",5
39,"Turismo","2020",13
40,"Acuicultura","2020",0
40,"Alojamiento","2020",3
40,"Pesca","2020",128
40,"Transporte","2020",60
40,"Turismo","2020",1
41,"Alojamiento","2020",1
41,"Pesca","2020",3
41,"Turismo","2020",4
42,"Acuicultura","2020",18
42,"Alojamiento","2020",73
42,"Pesca","2020",0
42,"Turismo","2020",0
43,"Acuicultura","2020",120
43,"Alojamiento","2020",441
43,"Pesca","2020",198
43,"Transporte","2020",116
43,"Turismo","2020",58
44,"Acuicultura","2020",1
44,"Alojamiento","2020",11
44,"Pesca","2020",2
44,"Turismo","2020",2
45,"Acuicultura","2020",0
45,"Alojamiento","2020",7
45,"Pesca","2020",5
45,"Turismo","2020",30
46,"Acuicultura","2020",192
46,"Alojamiento","2020",235
46,"Pesca","2020",35
46,"Transporte","2020",0
46,"Turismo","2020",70
47,"Acuicultura","2020",123
47,"Alojamiento","2020",21
47,"Transporte","2020",13
47,"Turismo","2020",0
48,"Alojamiento","2020",3
49,"Alojamiento","2020",11
49,"Pesca","2020",596
49,"Transporte","2020",24
49,"Turismo","2020",0
50,"Alojamiento","2020",52
50,"Pesca","2020",11
50,"Turismo","2020",0
51,"Alojamiento","2020",7
51,"Turismo","2020",0
52,"Alojamiento","2020",5
53,"Acuicultura","2020",7
53,"Alojamiento","2020",3
53,"Pesca","2020",0
53,"Transporte","2020",2
53,"Turismo","2020",0
54,"Acuicultura","2020",7
54,"Alojamiento","2020",77
54,"Pesca","2020",14
54,"Turismo","2020",2
55,"Acuicultura","2020",0
55,"Alojamiento","2020",5
55,"Pesca","2020",904
55,"Transporte","2020",153
56,"Acuicultura","2020",1
56,"Alojamiento","2020",83
56,"Pesca","2020",12
56,"Transporte","2020",41
56,"Turismo","2020",0
57,"Acuicultura","2020",151
57,"Alojamiento","2020",5
57,"Pesca","2020",60
57,"Transporte","2020",1
57,"Turismo","2020",0
58,"Acuicultura","2020",71
58,"Alojamiento","2020",21
58,"Pesca","2020",144
58,"Transporte","2020",14
59,"Acuicultura","2020",878
59,"Alojamiento","2020",206
59,"Pesca","2020",484
59,"Transporte","2020",484
59,"Turismo","2020",541
60,"Alojamiento","2020",15
60,"Pesca","2020",0
60,"Turismo","2020",1
61,"Acuicultura","2020",4
61,"Alojamiento","2020",30
61,"Pesca","2020",55
61,"Transporte","2020",0
61,"Turismo","2020",2
62,"Alojamiento","2020",10
62,"Pesca","2020",0
62,"Transporte","2020",0
62,"Turismo","2020",1
63,"Acuicultura","2020",4
63,"Alojamiento","2020",0
63,"Pesca","2020",9
64,"Alojamiento","2020",34
64,"Pesca","2020",7
64,"Transporte","2020",2
64,"Turismo","2020",7
65,"Acuicultura","2020",9
65,"Alojamiento","2020",1
65,"Pesca","2020",63
65,"Transporte","2020",1
66,"Acuicultura","2020",0
66,"Alojamiento","2020",180
66,"Pesca","2020",24
66,"Turismo","2020",28
67,"Acuicultura","2020",285
67,"Alojamiento","2020",81
67,"Pesca","2020",1738
67,"Transporte","2020",158
67,"Turismo","2020",0
68,"Alojamiento","2020",21
69,"Acuicultura","2020",0
69,"Alojamiento","2020",26
69,"Pesca","2020",7
69,"Turismo","2020",0
70,"Acuicultura","2020",38601
70,"Alojamiento","2020",239
70,"Pesca","2020",4108
70,"Transporte","2020",9261
71,"Acuicultura","2020",4746
71,"Alojamiento","2020",92
71,"Pesca","2020",2831
71,"Transporte","2020",993
71,"Turismo","2020",449
72,"Acuicultura","2020",842
72,"Alojamiento","2020",491
72,"Pesca","2020",3795
72,"Transporte","2020",847
72,"Turismo","2020",328
73,"Acuicultura","2020",182
73,"Alojamiento","2020",4
73,"Pesca","2020",0
73,"Transporte","2020",22
74,"Acuicultura","2020",0
74,"Alojamiento","2020",7
74,"Transporte","2020",1
74,"Turismo","2020",5
75,"Acuicultura","2020",45
75,"Alojamiento","2020",3
75,"Pesca","2020",186
75,"Transporte","2020",32
75,"Turismo","2020",0
76,"Acuicultura","2020",1451
76,"Alojamiento","2020",115
76,"Pesca","2020",1653
76,"Transporte","2020",500
76,"Turismo","2020",0
77,"Acuicultura","2020",270
77,"Alojamiento","2020",5
77,"Pesca","2020",23
78,"Acuicultura","2020",433
78,"Alojamiento","2020",3
78,"Pesca","2020",13
78,"Transporte","2020",71
78,"Turismo","2020",2
79,"Acuicultura","2020",0
79,"Alojamiento","2020",29
79,"Pesca","2020",340
79,"Transporte","2020",38
79,"Turismo","2020",26
80,"Alojamiento","2020",6
80,"Transporte","2020",1
81,"Alojamiento","2020",0
82,"Alojamiento","2020",6
82,"Transporte","2020",12
82,"Turismo","2020",2
83,"Acuicultura","2020",0
83,"Alojamiento","2020",35
83,"Pesca","2020",577
83,"Transporte","2020",20
83,"Turismo","2020",3
84,"Alojamiento","2020",4
85,"Acuicultura","2020",2
85,"Alojamiento","2020",3
85,"Pesca","2020",3
85,"Transporte","2020",4
85,"Turismo","2020",6
86,"Alojamiento","2020",290
86,"Pesca","2020",2
86,"Turismo","2020",247
87,"Alojamiento","2020",2
87,"Pesca","2020",49
87,"Transporte","2020",262
87,"Turismo","2020",0
88,"Acuicultura","2020",70
88,"Alojamiento","2020",16
88,"Pesca","2020",3877
88,"Transporte","2020",49
88,"Turismo","2020",15
89,"Acuicultura","2020",1
89,"Alojamiento","2020",47
89,"Pesca","2020",41
89,"Turismo","2020",1
90,"Alojamiento","2020",4
90,"Turismo","2020",5
91,"Alojamiento","2020",9
91,"Turismo","2020",2
92,"Acuicultura","2020",0
92,"Alojamiento","2020",4
92,"Pesca","2020",15
92,"Transporte","2020",0
92,"Turismo","2020",0
93,"Acuicultura","2020",35
93,"Alojamiento","2020",40
93,"Pesca","2020",4
93,"Transporte","2020",0
93,"Turismo","2020",0
94,"Acuicultura","2020",4
94,"Alojamiento","2020",10
94,"Pesca","2020",11
94,"Transporte","2020",0
94,"Turismo","2020",1
95,"Acuicultura","2020",4
95,"Alojamiento","2020",21
95,"Pesca","2020",809
95,"Transporte","2020",0
95,"Turismo","2020",2
96,"Alojamiento","2020",23
96,"Transporte","2020",0
96,"Turismo","2020",1
97,"Alojamiento","2020",9
97,"Transporte","2020",0
97,"Turismo","2020",1
98,"Alojamiento","2020",0
99,"Acuicultura","2020",1157
99,"Alojamiento","2020",363
99,"Pesca","2020",394
99,"Transporte","2020",300
99,"Turismo","2020",13
100,"Acuicultura","2020",15
100,"Alojamiento","2020",208
100,"Pesca","2020",129
100,"Transporte","2020",4329
100,"Turismo","2020",84
101,"Alojamiento","2020",35
101,"Pesca","2020",14
101,"Turismo","2020",0
102,"Acuicultura","2020",141
102,"Alojamiento","2020",313
102,"Pesca","2020",16
102,"Transporte","2020",186
102,"Turismo","2020",286
103,"Acuicultura","2020",13
103,"Alojamiento","2020",0
103,"Pesca","2020",0
1,"Alojamiento","2021",0
1,"Pesca","2021",0
2,"Acuicultura","2021",767
2,"Alojamiento","2021",0
2,"Pesca","2021",226
2,"Transporte","2021",1
2,"Turismo","2021",0
3,"Acuicultura","2021",94
3,"Alojamiento","2021",0
3,"Pesca","2021",240
3,"Transporte","2021",2
3,"Turismo","2021",0
4,"Acuicultura","2021",12
4,"Alojamiento","2021",0
4,"Pesca","2021",12
4,"Transporte","2021",0
4,"Turismo","2021",0
5,"Acuicultura","2021",5
5,"Alojamiento","2021",0
5,"Pesca","2021",1186
5,"Transporte","2021",0
5,"Turismo","2021",0
6,"Acuicultura","2021",1022
6,"Alojamiento","2021",0
6,"Pesca","2021",52
6,"Transporte","2021",9
6,"Turismo","2021",0
7,"Acuicultura","2021",5
7,"Alojamiento","2021",0
7,"Pesca","2021",3
7,"Transporte","2021",0
7,"Turismo","2021",0
8,"Acuicultura","2021",927
8,"Alojamiento","2021",0
8,"Pesca","2021",353
8,"Transporte","2021",69
8,"Turismo","2021",0
9,"Acuicultura","2021",84
9,"Alojamiento","2021",0
9,"Pesca","2021",958
9,"Transporte","2021",0
9,"Turismo","2021",0
11,"Alojamiento","2021",0
11,"Pesca","2021",0
12,"Alojamiento","2021",0
12,"Pesca","2021",0
12,"Turismo","2021",0
14,"Alojamiento","2021",0
14,"Pesca","2021",12
14,"Turismo","2021",0
15,"Alojamiento","2021",0
15,"Pesca","2021",2
15,"Turismo","2021",0
16,"Acuicultura","2021",2635
16,"Alojamiento","2021",0
16,"Pesca","2021",75
16,"Transporte","2021",37
16,"Turismo","2021",0
17,"Acuicultura","2021",13
17,"Alojamiento","2021",0
17,"Pesca","2021",7
17,"Transporte","2021",0
19,"Alojamiento","2021",0
19,"Pesca","2021",0
18,"Acuicultura","2021",7
18,"Alojamiento","2021",0
18,"Pesca","2021",32
18,"Turismo","2021",0
20,"Acuicultura","2021",4701
20,"Alojamiento","2021",0
20,"Pesca","2021",625
20,"Transporte","2021",0
20,"Turismo","2021",0
21,"Acuicultura","2021",365
21,"Alojamiento","2021",0
21,"Pesca","2021",16
21,"Transporte","2021",0
21,"Turismo","2021",0
23,"Acuicultura","2021",125
23,"Alojamiento","2021",0
23,"Pesca","2021",1
23,"Transporte","2021",0
23,"Turismo","2021",0
24,"Alojamiento","2021",0
25,"Acuicultura","2021",0
25,"Alojamiento","2021",0
25,"Turismo","2021",0
26,"Acuicultura","2021",0
26,"Alojamiento","2021",0
26,"Pesca","2021",134
26,"Turismo","2021",0
27,"Acuicultura","2021",0
27,"Alojamiento","2021",0
27,"Pesca","2021",49
27,"Turismo","2021",0
28,"Acuicultura","2021",221
28,"Alojamiento","2021",0
28,"Pesca","2021",1555
28,"Transporte","2021",76
28,"Turismo","2021",0
29,"Acuicultura","2021",91
29,"Alojamiento","2021",0
29,"Pesca","2021",5215
29,"Transporte","2021",164
29,"Turismo","2021",0
30,"Acuicultura","2021",36
30,"Alojamiento","2021",0
30,"Pesca","2021",27
30,"Transporte","2021",0
31,"Acuicultura","2021",115
31,"Alojamiento","2021",0
31,"Pesca","2021",5
31,"Transporte","2021",0
32,"Alojamiento","2021",0
32,"Pesca","2021",0
33,"Acuicultura","2021",999
33,"Alojamiento","2021",0
33,"Pesca","2021",62
33,"Transporte","2021",2
33,"Turismo","2021",0
34,"Alojamiento","2021",0
34,"Pesca","2021",8
34,"Turismo","2021",0
35,"Acuicultura","2021",3
35,"Alojamiento","2021",0
35,"Pesca","2021",1
35,"Turismo","2021",0
36,"Acuicultura","2021",31
36,"Alojamiento","2021",0
36,"Pesca","2021",1
36,"Transporte","2021",0
36,"Turismo","2021",0
37,"Alojamiento","2021",0
37,"Pesca","2021",0
37,"Transporte","2021",0
37,"Turismo","2021",0
38,"Acuicultura","2021",0
38,"Alojamiento","2021",0
38,"Pesca","2021",1
38,"Transporte","2021",0
39,"Acuicultura","2021",155
39,"Alojamiento","2021",0
39,"Pesca","2021",61
39,"Transporte","2021",10
39,"Turismo","2021",0
40,"Acuicultura","2021",0
40,"Alojamiento","2021",0
40,"Pesca","2021",64
40,"Transporte","2021",0
40,"Turismo","2021",0
41,"Alojamiento","2021",0
41,"Pesca","2021",12
41,"Turismo","2021",0
42,"Acuicultura","2021",19
42,"Alojamiento","2021",0
42,"Pesca","2021",1
42,"Turismo","2021",0
43,"Acuicultura","2021",9
43,"Alojamiento","2021",0
43,"Pesca","2021",310
43,"Transporte","2021",0
43,"Turismo","2021",0
44,"Acuicultura","2021",0
44,"Alojamiento","2021",0
44,"Pesca","2021",2
44,"Turismo","2021",0
45,"Acuicultura","2021",0
45,"Alojamiento","2021",0
45,"Pesca","2021",4
45,"Turismo","2021",0
46,"Acuicultura","2021",120
46,"Alojamiento","2021",0
46,"Pesca","2021",113
46,"Transporte","2021",1
46,"Turismo","2021",0
47,"Acuicultura","2021",165
47,"Alojamiento","2021",0
47,"Transporte","2021",0
47,"Turismo","2021",0
48,"Alojamiento","2021",0
49,"Alojamiento","2021",0
49,"Pesca","2021",770
49,"Transporte","2021",1
49,"Turismo","2021",0
50,"Alojamiento","2021",0
50,"Pesca","2021",6
50,"Turismo","2021",0
51,"Alojamiento","2021",0
51,"Turismo","2021",0
52,"Alojamiento","2021",0
53,"Acuicultura","2021",9
53,"Alojamiento","2021",0
53,"Pesca","2021",0
53,"Transporte","2021",0
53,"Turismo","2021",0
54,"Acuicultura","2021",13
54,"Alojamiento","2021",0
54,"Pesca","2021",17
54,"Turismo","2021",0
55,"Acuicultura","2021",0
55,"Alojamiento","2021",0
55,"Pesca","2021",838
55,"Transporte","2021",32
56,"Acuicultura","2021",0
56,"Alojamiento","2021",0
56,"Pesca","2021",19
56,"Transporte","2021",0
56,"Turismo","2021",0
57,"Acuicultura","2021",265
57,"Alojamiento","2021",0
57,"Pesca","2021",62
57,"Transporte","2021",1
57,"Turismo","2021",0
58,"Acuicultura","2021",53
58,"Alojamiento","2021",0
58,"Pesca","2021",220
58,"Transporte","2021",0
59,"Acuicultura","2021",1206
59,"Alojamiento","2021",0
59,"Pesca","2021",449
59,"Transporte","2021",29
59,"Turismo","2021",0
60,"Alojamiento","2021",0
60,"Pesca","2021",0
60,"Turismo","2021",0
61,"Acuicultura","2021",9
61,"Alojamiento","2021",0
61,"Pesca","2021",63
61,"Transporte","2021",0
61,"Turismo","2021",0
62,"Alojamiento","2021",0
62,"Pesca","2021",0
62,"Transporte","2021",0
62,"Turismo","2021",0
63,"Acuicultura","2021",0
63,"Alojamiento","2021",0
63,"Pesca","2021",6
64,"Alojamiento","2021",0
64,"Pesca","2021",4
64,"Transporte","2021",2
64,"Turismo","2021",0
65,"Acuicultura","2021",11
65,"Alojamiento","2021",0
65,"Pesca","2021",34
65,"Transporte","2021",0
66,"Acuicultura","2021",0
66,"Alojamiento","2021",0
66,"Pesca","2021",16
66,"Turismo","2021",0
67,"Acuicultura","2021",1231
67,"Alojamiento","2021",0
67,"Pesca","2021",448
67,"Transporte","2021",0
67,"Turismo","2021",0
68,"Alojamiento","2021",0
69,"Acuicultura","2021",0
69,"Alojamiento","2021",0
69,"Pesca","2021",3
69,"Turismo","2021",0
70,"Acuicultura","2021",34099
70,"Alojamiento","2021",0
70,"Pesca","2021",8581
70,"Transporte","2021",1433
71,"Acuicultura","2021",4350
71,"Alojamiento","2021",0
71,"Pesca","2021",2650
71,"Transporte","2021",29
71,"Turismo","2021",0
72,"Acuicultura","2021",686
72,"Alojamiento","2021",0
72,"Pesca","2021",4366
72,"Transporte","2021",53
72,"Turismo","2021",0
73,"Acuicultura","2021",172
73,"Alojamiento","2021",0
73,"Pesca","2021",0
73,"Transporte","2021",0
74,"Acuicultura","2021",16
74,"Alojamiento","2021",0
74,"Transporte","2021",0
74,"Turismo","2021",0
75,"Acuicultura","2021",41
75,"Alojamiento","2021",0
75,"Pesca","2021",213
75,"Transporte","2021",0
75,"Turismo","2021",0
76,"Acuicultura","2021",1529
76,"Alojamiento","2021",0
76,"Pesca","2021",1305
76,"Transporte","2021",7
76,"Turismo","2021",0
77,"Acuicultura","2021",265
77,"Alojamiento","2021",0
77,"Pesca","2021",18
78,"Acuicultura","2021",520
78,"Alojamiento","2021",0
78,"Pesca","2021",16
78,"Transporte","2021",0
78,"Turismo","2021",0
79,"Acuicultura","2021",3
79,"Alojamiento","2021",0
79,"Pesca","2021",262
79,"Transporte","2021",0
79,"Turismo","2021",0
80,"Alojamiento","2021",0
80,"Transporte","2021",0
81,"Alojamiento","2021",0
82,"Alojamiento","2021",0
82,"Transporte","2021",0
82,"Turismo","2021",0
83,"Acuicultura","2021",0
83,"Alojamiento","2021",0
83,"Pesca","2021",200
83,"Transporte","2021",2
83,"Turismo","2021",0
84,"Alojamiento","2021",0
85,"Acuicultura","2021",1
85,"Alojamiento","2021",0
85,"Pesca","2021",2
85,"Transporte","2021",0
85,"Turismo","2021",0
86,"Alojamiento","2021",0
86,"Pesca","2021",3
86,"Turismo","2021",0
87,"Alojamiento","2021",0
87,"Pesca","2021",483
87,"Transporte","2021",34
87,"Turismo","2021",0
88,"Acuicultura","2021",119
88,"Alojamiento","2021",0
88,"Pesca","2021",2488
88,"Transporte","2021",46
88,"Turismo","2021",0
89,"Acuicultura","2021",3
89,"Alojamiento","2021",0
89,"Pesca","2021",48
89,"Turismo","2021",0
90,"Alojamiento","2021",0
90,"Turismo","2021",0
91,"Alojamiento","2021",0
91,"Turismo","2021",0
92,"Acuicultura","2021",0
92,"Alojamiento","2021",0
92,"Pesca","2021",5
92,"Transporte","2021",0
92,"Turismo","2021",0
93,"Acuicultura","2021",13
93,"Alojamiento","2021",0
93,"Pesca","2021",26
93,"Transporte","2021",0
93,"Turismo","2021",0
94,"Acuicultura","2021",4
94,"Alojamiento","2021",0
94,"Pesca","2021",5
94,"Transporte","2021",0
94,"Turismo","2021",0
95,"Acuicultura","2021",1
95,"Alojamiento","2021",0
95,"Pesca","2021",811
95,"Transporte","2021",2
95,"Turismo","2021",0
96,"Alojamiento","2021",0
96,"Transporte","2021",0
96,"Turismo","2021",0
97,"Alojamiento","2021",0
97,"Transporte","2021",0
97,"Turismo","2021",0
98,"Alojamiento","2021",0
99,"Acuicultura","2021",1130
99,"Alojamiento","2021",0
99,"Pesca","2021",329
99,"Transporte","2021",54
99,"Turismo","2021",0
100,"Acuicultura","2021",53
100,"Alojamiento","2021",0
100,"Pesca","2021",111
100,"Transporte","2021",4077
100,"Turismo","2021",0
101,"Alojamiento","2021",0
101,"Pesca","2021",17
101,"Turismo","2021",0
102,"Acuicultura","2021",289
102,"Alojamiento","2021",0
102,"Pesca","2021",219
102,"Transporte","2021",0
102,"Turismo","2021",0
103,"Acuicultura","2021",0
103,"Alojamiento","2021",0
103,"Pesca","2021",0
